Soil_Moisture,Ambient_Temperature,Humidity,Light_Intensity,label
0.5841600339694699,0.35351491928746936,0.5097892006765612,0.4448688459608254,2
0.16120203766739316,0.30901689414587996,0.798942303106764,0.49487119458097534,2
0.23624747481713587,0.265158157364636,0.9288274491964326,0.4886001251499466,2
0.17789257418599574,0.38296355701793505,0.6066127194107493,0.05104468590841976,2
0.9943002883903074,0.9114276020268732,0.7930256673752925,0.3051375179869971,2
0.6404160772931577,0.5306758338528825,0.2125594478746331,0.3698729663586225,2
0.2117428827898869,0.41879613974896146,0.5637070962564921,0.3178312956587744,2
0.7770949218862657,0.18326904481415895,0.5443352647896418,0.31915725431135383,1
0.0907562850417511,0.6227140845334229,0.25101498759461593,0.5435677994336756,2
0.1081578480397018,0.8036348567861571,0.854606355334659,0.24101910662164844,2
0.5000672231591874,0.6613313377593382,0.560972645287465,0.3523788139337947,1
0.7203777647347689,0.499850586462671,0.6179859804033976,0.7043218131598667,0
0.45095769805449576,0.08328532590977589,0.5920277474086608,0.2949789395102101,1
0.38458265467922065,0.14494059286523542,0.24982212686612626,0.6550374957600842,1
0.45944126792143386,0.708055229488483,0.19542482988925403,0.4510571435390706,1
0.6042200741757431,0.7752026147491515,0.40205866456659667,0.39360312056534735,1
0.40945128326861596,0.105258596625186,0.1731941012302125,0.7508514868845222,1
0.17352087480178263,0.46977360401185764,0.027023539922107043,0.2784251495963597,2
0.974985907318676,0.9501180332977281,0.722827122650719,0.0036089385039126953,1
0.8445172061158202,0.3646253249209672,0.02154263242673915,0.24344734542304453,1
0.9134388573940047,0.8686530610947452,0.7905925176860276,0.6694682793074145,0
0.9250479675741097,0.21093485534848777,0.24138411024016637,0.34052757359423963,0
0.7568946057965906,0.9334314310664682,0.7615240594486123,0.2835898755459871,0
0.9817683977411713,0.5244617694912017,0.35180708080824585,0.14873032548164722,0
0.9858031825374483,0.6296055532797091,0.7899152314525857,0.8346510708522012,0
0.6516634530694827,0.5677937103398525,0.06647085304027978,0.904131176321034,1
0.1833540503844851,0.6907052116252916,0.007718234453636397,0.5961388668724925,2
0.7720531354024436,0.0857163664683207,0.14829499031118343,0.17425035360416857,0
0.6932145720215634,0.598970484654042,0.7981911686892049,0.405779471164097,2
0.1303143397668458,0.3294284275691828,0.07952717365504891,0.38491452033924817,2
0.3023515711641292,0.07422883682884684,0.6667067866565928,0.8339344078157187,2
0.9948520310225208,0.3045768283691235,0.9905942868949573,0.5086368005567696,0
0.92362652952797,0.023294744756757746,0.45948876988662324,0.033728828041797665,0
0.27133075349253705,0.33885145811983186,0.38436937490108414,0.12794817258414581,2
0.7096023995762473,0.3535705298739922,0.3496425054796517,0.12137448209466417,0
0.6139934674149818,0.785812480172001,0.8724129171655304,0.47139251494890105,1
0.19099856428536194,0.9661948887049114,0.9002896279406816,0.0277886469806653,2
0.603087911467947,0.29449469681558216,0.11960476869786607,0.44973088189075167,2
0.6518965046483167,0.5657739894042384,0.3539398064367911,0.6696781349470728,2
0.10378145898042473,0.4054029339295324,0.9025186272394481,0.4701326223262427,2
0.31008093461518943,0.007148785075850261,0.1596350856336044,0.4335619359426918,2
0.7462863540099838,1.0000000000000002,0.9388367497013834,0.6390168406401546,0
0.2751014253656007,0.17895109745860083,0.5350498054403325,0.3019727191914123,2
0.5514012049338346,0.5828024452575453,0.9349103630642737,0.4466589453380638,1
0.7189169329907579,0.48961032385851433,0.48247294078867453,0.13102763696118025,0
0.6378540694734003,0.9986071596016932,0.44600766625626376,0.49858329989248523,1
0.5114644837339046,0.9031256875565916,0.7229222253298824,0.16667951776287082,1
0.9700261714304785,0.8429919885933945,0.26530774532442836,0.15874381718426983,2
0.1302424159481198,0.07624173663202227,0.1472106053405895,0.43458797612325734,2
0.47397899458567644,0.3798551303211637,0.9126327852162239,0.3040881004357891,1
0.548132249168185,0.12254385018822367,0.9840682515294854,0.20137180255055387,1
0.0317377287567393,0.7281613367227526,0.03722345415508843,0.3862990887823506,2
0.013854302709873645,0.4704335237893831,0.41449651333508064,0.48087271472072896,2
0.4091701291926095,0.19846837010595952,0.9593304867055474,0.06363469043343073,1
0.047458523238599226,0.2313715672306238,0.36768913071940856,0.9973226828473383,2
0.3169817309206144,0.6229679153219243,0.6742441682735909,0.8023284547365848,2
0.3760351108738727,0.8707471825422346,0.07481755232323661,0.7840860913081944,1
0.505952529751817,0.7745879446914714,0.23909332422206608,0.3326340184853353,1
0.5527365878657018,0.05851302895788324,0.6216936600639797,0.3079518797917095,1
0.42415299602334905,0.39005189146006436,0.39009060711934374,0.6392727517819032,1
0.6033580027030627,0.025171497042616675,0.21939769048703628,0.6963353436905988,2
0.7413103541282526,0.861625533927721,0.796202588599745,0.42476371879739255,0
0.1248117910034241,0.9280326207779661,0.6397349142394937,0.7648997930729899,2
0.39993644466102546,0.09009365421808968,0.5906884492202291,0.9632314606302887,2
0.6625062609769097,0.34685234976242785,0.8969892028335327,0.287434889644738,1
0.05247123306691631,0.30162654864957417,0.7595329338334698,0.2017664551557356,2
0.04842648373392183,0.2729379320676635,0.7424120105961554,0.22850887958504845,2
0.0,0.7766873540743988,0.43912146140122865,0.9642856950217378,2
0.17431548647914602,0.4945396826770534,0.9974709798838761,0.2404428922487864,2
0.1688016891845166,0.6680658646738735,0.10828228838509424,0.17768073463247985,2
0.19821419210999197,0.2667272003911412,0.4644773036595109,0.10235014971006068,2
0.54207760440221,0.30134291603766994,0.2876770687289798,0.8773963278638339,1
0.35291128828941526,0.7400095814872552,0.5317333626619092,0.3225881994952639,1
0.6391360595095308,0.18769758193881092,0.0021689983452330974,0.09919670737996467,1
0.06385252067027969,0.8109783368718835,0.1428370300137798,0.3820942815868899,2
0.44633825225732987,0.44939947639153166,0.5281893106378763,0.8161640764741924,1
0.7314809054702549,0.38352389655493146,0.5546446510035978,0.8346449940205907,0
0.5282616999066618,0.710419188753683,0.6264027442129618,0.9628208370261908,1
0.9209959404154171,0.2670482158251273,0.935311931085435,0.8696341692207656,0
0.5139879308829964,0.5537013852823034,0.7505852777951412,0.8831301732225949,2
0.31565120146430076,0.4198654894725653,0.1906959184067194,0.270343291740121,2
0.6050737916318443,0.032106999204484454,0.6723453663007501,0.9314161009872417,1
0.5164812984424354,0.3685991507697697,0.29078445838930134,0.6006884748667238,1
0.4826888786503301,0.9512533560536875,0.5630355164860761,0.12338098588771063,1
0.2617253416828918,0.4536092187300238,0.14822519486159935,0.8091531489529376,2
0.22867430714552645,0.463522535681798,0.6301257174816555,0.48338166218131856,2
0.47380591604500627,0.4172747847928917,0.3744413679236718,0.43376387941244005,1
0.5078543402204556,0.5251691474848992,0.9345636333263192,0.6537959198500507,1
0.9325111113466844,0.3834976517647726,0.89810704575414,0.7623436116276654,0
0.08066949367963194,0.7896622570030318,0.559705757959625,0.6553992410742222,2
0.8721454527206143,0.013698258278877828,0.7514197885564133,0.14319125338333882,0
0.5641410660273811,0.5351070512783089,0.052727641847065465,0.9770981484090231,1
0.09422660209531902,0.21740789777988057,0.48734640574412746,0.9945874041695189,2
0.34890830206136875,0.0007789342258486265,0.6780698019257785,0.3095664811554079,1
0.49299957273287626,0.03276634373837006,0.1622247762801825,0.49420432340367065,1
0.4925239893261473,0.4889789262684412,0.3590303997148505,0.26438213802299065,1
0.6198290917607985,0.6467699270425633,0.268661712003452,0.28115597860604674,1
0.8627386687377656,0.5502002761372731,0.3065934110262589,0.7803844796009325,2
0.4381715137137561,0.7303273952792664,0.4832576300853464,0.761096908522402,1
0.20670441986116267,0.7537612804744145,0.9635645575163205,0.00492676496328337,2
0.11797233575788146,0.9927258362646871,0.1346632402779271,0.9112580008612567,2
0.6206532245683798,0.5803764002182332,0.9804960516359835,0.33651505260391806,1
0.1397100594697709,0.5956631048062435,0.7698520572219296,0.36842365389728077,2
0.5761890000838901,0.04960787326556537,0.8682095709239168,0.5766126538122274,1
0.33942241509394494,0.611060460774228,0.7356782605938066,0.87411009414018,1
0.427802946046101,0.8358166608481519,0.4559207961095615,0.8159153617939472,1
0.7442732502401723,0.8746818967279559,0.6138049001449728,0.3371471188915685,2
0.5449325442423494,0.8863768151077622,0.1546560802550967,0.383310366038542,1
0.15121319287754842,0.38848932628204724,0.03668230209048917,0.2052737719212579,2
0.7844536866822964,0.6951785222751352,0.9890931604219495,0.8560125511819947,0
0.7874220292183611,0.001389690871623106,0.4770411476613212,0.5650034426718513,0
0.7658883709300184,0.7339688586036013,0.04548695133692893,0.48359426794498556,0
0.5745029900992649,0.6464096530651335,0.7283866526272242,0.35257679696033833,1
0.73203581543473,0.7976161556224153,0.12671654582701253,0.508959483270554,0
0.5986390231740024,0.22168274751892092,0.6588703355440555,0.4950765858016725,1
0.782219390370638,0.8281222714002527,0.45146119722121525,0.33493157081169217,0
0.9554774994311048,0.4543561909790359,0.7274415425270209,0.603655468787188,0
0.30526404980992744,0.40106266348531694,0.7096291243686892,0.08522619018374217,2
0.4893685763739349,0.09621830591017377,0.7949088531992832,0.7004354158736428,1
0.8887850991968518,0.40038862967813293,0.09793386691021722,0.8404315050849025,0
0.8333606675246854,0.1853831634229104,0.8771441938518332,0.8085214011641257,2
0.21930958812490425,0.8904687297249125,0.3802307991499394,0.975508901098108,2
0.14089112124366138,0.8971479918788889,0.8930832794698511,0.09464542638430268,2
0.39852458045970657,0.43249433768629264,0.4321840797997747,0.9628167345025003,1
0.7273257606076606,0.8178964517304819,0.12531805189643586,0.9970302528165207,2
0.8196808239747189,0.37794603839124696,0.684323067411603,0.9421223660451161,0
0.24108517624970788,0.3377055261462132,0.644148235796433,0.7905834642794756,2
0.5404546961758276,0.9884169229079347,0.14755252013214326,0.07144409100081167,1
0.5386497095321918,0.7661889298411986,0.3501913887024013,0.37818381549654484,1
0.5607870009712177,0.5324838378156624,0.7270564247403133,0.47377418097143215,1
0.030649175481989033,0.15046300965823667,0.2383589964042081,0.02791846745990173,2
0.3772165861709827,0.16199806948499051,0.1406595991169477,0.06469201042992073,1
0.4841569604401384,0.0702633423221144,0.1501683524899402,0.15679037155592684,1
0.9694502213135823,0.26093534455872947,0.8478160037286226,0.16977279358237451,0
0.18772454685799472,0.6754849944616257,0.49661682430755283,0.3545035637705492,2
0.44511491024821964,0.3864996693934568,0.036764379793081226,0.5536794174056907,2
0.51449631322477,0.5842020979629934,0.6835208993062922,0.7276771760679297,1
0.7115832741638257,0.9483252144083136,0.21776453081164604,0.8908791686042681,0
0.11017076963046052,0.7228503364591619,0.8915180569585206,0.696971610669155,2
0.6144635029835366,0.8365500770882772,0.2303326543298141,0.2557117609359954,1
0.8396664233536635,0.9662212775449348,0.3066467594991815,0.6153632477247528,0
0.9777424465979343,0.9183851298755583,0.937651746543033,0.3393830808729656,0
0.968423564718961,0.24765870412089153,0.4272838427105392,0.12941717017610643,0
0.48054371822307346,0.8825127442871425,0.767421984999678,0.37046145931881275,1
0.21011169126174095,0.24715938654379,0.4036427149478814,0.9380639593573619,2
0.23222071387628856,0.5379212479095348,0.20824064805478715,0.053238329093414916,2
0.6375951032034972,0.5033394788386654,0.5540324697168721,0.2878272098313283,1
0.8855220001513362,0.816423891181963,0.2907376497658718,0.796413840465082,0
0.8710974145137329,0.5654235106853063,0.4630633579831387,0.9054456282777414,2
0.939124456148841,0.8115613995163342,0.15160276079784718,0.6059569472436188,0
0.5726146018646652,0.8656911638206422,0.08713186240544402,0.2652287526894109,1
0.8579132106225038,0.3435945184194058,0.26630672927803256,0.36736734981932445,0
0.7768342341859324,0.7592356648788019,0.6666814569510024,0.23229560632864993,0
0.831503733117162,0.08602747958532242,0.9048058225162308,0.9716540407013934,2
0.6679933713478765,0.8147944200734687,0.40348268005199417,0.8044661577146166,0
0.9544889763003515,0.3935900896716622,0.7025043621347828,0.6430853424723006,0
0.1187827659810895,0.9216062372959073,0.49835627242696323,0.7914207737806229,2
0.80919829813101,0.8232539893537976,0.2603355682044286,0.5312595258183268,0
0.06092415979663063,0.6291237498550972,0.598534236644094,0.6723473859060012,2
0.913824615472119,0.7426085933524844,0.7317626103351675,0.5809315274354188,0
0.24829237424428424,0.2811913130511394,0.24762160208953898,0.059102157769426344,2
0.27706298736811613,0.9980715321204687,0.6439467036090556,0.5300675186752188,2
0.3945492440020401,0.30340955587148066,0.9768411237366927,0.475344802991513,1
0.19702373562207104,0.6596586384071863,0.30681211684900145,0.0038423890968628527,2
0.6499243201849125,0.5984967098311762,0.6113489100868779,0.807170875241009,1
0.8444241878715522,0.41506082133174704,0.9324129636805001,0.33272375930683246,0
0.6093479933854062,0.7421012808278646,0.7431405679323952,0.26818689374541443,2
0.4815655739907014,0.4911426042996778,0.16152089529166358,0.31568201898790577,1
0.06147066370932197,0.7312520590053888,0.5673794104461412,0.8816499198312409,2
0.05545140708156138,0.049063319572959285,0.7704421874015148,0.4152814445332424,2
0.5140826088298114,0.451104290430814,0.2119631371641597,0.7977880147415597,1
0.7089741488284709,0.10246732890304044,0.3611048545657214,0.0894550301409211,0
0.8118835034792782,0.8498586036920044,0.9732214371473407,0.07144282662929569,0
0.012338102536592899,0.8213326286693443,0.06223012795214733,0.15843430391991276,2
0.19262950921626604,0.20727279241905427,0.32881746100958975,0.047392633848411914,2
0.8088926113952453,0.36693283144261235,0.5791606870340329,0.573349561162444,0
0.5370340574097516,0.10343258090611518,0.8761935645379628,0.16085734499632254,1
0.01571677975689506,0.7287650987199277,0.3512666252709169,0.01165924721629863,2
0.6042910756654758,0.5335739951276006,0.9587860852811332,0.6773597381889158,1
0.5742065809870145,0.37826679171953326,0.8247195874495223,0.7405659183989652,1
0.7119414238142583,0.46388396913069974,0.4146638060645993,0.9898999480284931,0
0.19861731130167476,0.27044680494063433,0.8258414443017128,0.8781694839410887,2
0.8044319627095897,0.7831142358742402,0.2284410122801206,0.4548235232710596,0
0.6924013304557994,0.5251347028092448,0.9510076455093439,0.4226430856947861,0
0.16103008245260064,0.4492885112227549,0.1978074753079011,0.5506852589698803,2
0.5138499362383087,0.2137179752215832,0.380040038606388,0.557409123956236,1
0.6333735745710785,0.3609334608580044,0.20343716231867304,0.9683294106521894,1
0.13294295219760227,0.38284179024264464,0.8763559798895364,0.39180708119373314,2
0.6724229720375705,0.9179137488830185,0.020508302839905568,0.13818855166938165,1
0.7814685630628242,0.28625220345279057,0.03864468140035582,0.35177838590552063,2
0.1863048614242348,0.2344808354995691,0.3803587657146217,0.7982153191052961,2
0.2021839329313267,0.5296716601959892,0.027542497709440505,0.21683320022482638,2
0.5308542418715936,0.6566079756903653,0.952496327814135,0.9063807357153817,2
0.29296561972067664,0.6416535085020747,0.9282756616455132,0.43624977311296614,2
0.2533210136779834,0.8916127351454375,0.035288622485430965,0.26402679182445116,2
0.9325226524454058,0.4878087908829354,0.16929822436346886,0.8940416703553626,2
0.9759205689122699,0.49206871975902633,0.06655672165705528,0.504985233471039,2
0.9826044646988534,0.7932588125530462,0.26223269260992965,0.21661756068486332,0
0.875191177903347,0.28170877784623505,0.08454901124649594,0.7658707039195753,0
0.04287428616343547,0.06407403470224415,0.9394057188407632,0.20116968534341645,2
0.3040657514091288,0.8747489086351268,0.42246054331227034,0.022248982745815604,2
0.034290620250460924,0.6367206408247716,0.6101189560098215,0.8206660612125769,2
0.5232560576790282,0.07338967001573127,0.11411623040424046,0.8427117835516009,1
0.9375051527438343,0.09143691222006045,0.44624500990940086,0.4580594391015837,0
0.10375195053672132,0.9831529591536332,0.058645580119669694,0.20776448736657088,2
0.8255350945831317,0.8767128344524979,0.30438306331228415,0.03345055151872428,0
0.8140989678693697,0.9511686353428839,0.9755016393234541,0.5311687508097775,0
0.44475094135465904,0.5586763835830084,0.20967872876915505,0.9071197447345114,1
0.6798218946394732,0.8423346606232542,0.04474681053502616,0.011169208819251153,0
0.2955909013293528,0.6341008651744178,0.5795107587748778,0.7987977050276913,2
0.730385267528987,0.009891609193737105,0.9649412565019002,0.6122329775169604,1
0.9452403492300663,0.4254156658397703,0.3884097395402002,0.8293714446967406,0
0.7099268372054286,0.9392837491703239,0.9309604446862152,0.21155340418362845,0
0.15776575615326777,0.8498321625689236,0.4620449726481777,0.645792497140161,2
0.6164295253404406,0.2975728749956734,0.23064419833210814,0.16983767886435225,1
0.9388343650625319,0.07781805532350505,0.49112160999357624,0.13158453702792777,0
0.43581288410880153,0.9849889310644777,0.05434833756949797,0.9445134377749418,1
0.08531329459649106,0.28603845743766665,0.8104857278039486,0.16122987667057903,2
0.5315923260131552,0.011873564605171083,0.7100791487964933,0.9219234043546967,1
0.14611616629119245,0.5928322360112055,0.03890492196520956,0.04309104533195807,2
0.6587964182759563,0.8885882602663802,0.8026516445818519,0.484139811558355,1
0.5356848915338102,0.9633362218411585,0.25318744134747795,0.28701338294750883,2
0.3538009442075803,0.8093238393957727,0.8795251135211948,0.17052622793208816,2
0.32671791304724046,0.9270266340337259,0.941868591452744,0.778471747482886,2
0.9601745731904687,0.568800759123752,0.2736736337848875,0.8382060662352906,2
0.17628635037703883,0.48893923681141693,0.40029514110736875,0.4873527612282336,2
0.5625558925913552,0.26584838431248903,0.7161670612166575,0.7698207804039017,1
0.9508247716683431,0.06461103233884535,0.42911717619644607,0.9179971785578709,0
0.8116052011486896,0.33372019221302995,0.1365348987886843,0.6598409216846497,0
0.36461887962347334,0.5412312464451665,0.051110556512250715,0.3717952320101731,2
0.15016251058832614,0.22080713726580714,0.5716890333256122,0.7126263437349194,2
0.6712760054250502,0.7010076307016131,0.5563038173610242,0.090641322021081,0
0.821432192993617,0.7286220929316258,0.9783792611206281,0.5946079042844259,0
0.6086095494642845,0.6578768803837114,0.5392922606736921,0.7033204730926399,1
0.38137258412850633,0.8450582739907351,0.14791481005738305,0.9181922164347303,1
0.8646965415305505,0.688500352637974,0.8242636948484683,0.43843065710409485,0
0.22743532409746609,0.4430971654874942,0.0371283170061425,0.9184391688857767,2
0.3861517588677366,0.1826928191542856,0.16094395475017498,0.0555577082122552,2
0.1494793285463386,0.9448756600003969,0.1822771090453672,0.6093560095185144,2
0.9633627149869701,0.14767342793824456,0.20745684571761513,0.48375412513902444,0
0.7301819027205725,0.033856506295483424,0.17545034521012925,0.34060212219567626,0
0.5572629908138269,0.6421568785175158,0.25388628636062416,0.44861063393003603,1
0.8220165141989881,0.5861323847847058,0.277882082792158,0.21238308471549217,0
0.4034026358773068,0.788315446999204,0.5446000405071323,0.5167547640535095,1
0.38327375515166,0.49359884563895173,0.1661168816236691,0.3220050491007344,1
0.16637446114280446,0.24364990963570543,0.7821352759721099,0.8069914154406304,2
0.9771132922732686,0.7605116646779015,0.18549056345805592,0.10918768372308929,0
0.5883684688961013,0.30878531590899794,0.8645112502893295,0.15635950004208082,1
0.47186724303593913,0.6077620908022381,0.822661055053175,0.8613044336536051,1
0.38022127252920684,0.7593239548068162,0.21839271829365692,0.4696318154823513,1
0.2697167712975754,0.5962824829486257,0.6333396077770614,0.25926942641993583,2
0.7589120592643279,0.86296946197629,0.41918505016765817,0.5693238881342015,0
0.6500351201682792,0.8316911038452466,0.31635809711302953,0.8346462949986937,1
0.7307321063260177,0.08772207194918447,0.5343488611523184,0.16857684790586652,0
0.7865796978811666,0.2447163366681031,0.0648500460339001,0.41360874064129066,0
0.5166697125655595,0.7573263780617905,0.5948437825666808,0.6574701432420982,2
0.5750104752389891,0.9873834979320726,0.9451265233370187,0.7372625538063415,1
0.5866514767895092,0.7850159610521856,0.39815882604366704,0.001402194114201838,1
0.6585757933468888,0.3236109061343668,0.7159932832673968,0.3814051341381474,1
0.31492530603123975,0.006221407613604901,0.5398799152396916,0.8916599276603507,2
0.4592390312646722,0.8396681164534365,0.2146413020063429,0.7621366584268279,1
0.5204275122402169,0.5475698875674906,0.4710767554043025,0.9497176519832544,1
0.5099864225934418,0.3001888543818303,0.8138059049003794,0.8880432768887405,1
0.2701993003242658,0.9308883065281781,0.8031969644350432,0.4976253462923023,2
0.9922914522608848,0.28759396902027756,0.9679959533670361,0.7408964351423206,1
0.2816658872089964,0.6623578309503209,0.8953395896444492,0.7688426097420304,2
0.9785947132155601,0.26363140793763407,0.8873078433706896,0.3361927282761637,0
0.692148147077652,0.4667017402327047,0.2391169764847707,0.25129453392936724,0
0.17941856714152554,0.8415730358722684,0.3263469651978774,0.9503481109354341,2
0.28926839433454427,0.7829401816244073,0.6771129345467712,0.11178754818080133,2
0.9603775677714363,0.1949147559839548,0.5716781251167422,0.9389127369901151,0
0.4032842486389118,0.23822398481202556,0.5976327614076051,0.9902626594044648,1
0.5048410953937215,0.31906028134507647,0.14034819400129872,0.5863576044058578,1
0.748759339796881,0.13485858848552823,0.49407761286122076,0.9284162205267998,0
0.44101207252662705,0.11497657274705464,0.17720976812685785,0.5671777576027581,1
0.7888878215129713,0.9279579653455696,0.7948173785823327,0.384946384430876,0
0.8681696477321874,0.18369878031670517,0.5918715173500497,0.8406310891366358,2
0.7826816359836293,0.32141346361568246,0.7717320640378773,0.8996981621941071,0
0.561096803775174,0.12905752629623035,0.49533884990504506,0.5706598994217462,1
0.6344896618602072,0.3027834684148707,0.7042510867772465,0.2500692518767568,1
0.6237243284993628,0.4834407339689293,0.43669330029943043,0.4493548820098559,1
0.31964647408596386,0.05604995505325361,0.4475580028629509,0.16769070354202914,2
0.4552864086846434,0.30131905163595296,0.26480960780841833,0.9279911598666688,1
0.1808183195803293,0.5856860224598261,0.7341666725138141,0.6921913543580738,2
0.8438880319269817,0.5035989195202084,0.39482926271062224,0.2478875852394074,0
0.0772350847770148,0.2711270642735524,0.6684804311100887,0.8613202028357896,2
0.6914991466137377,0.9512027985402625,0.9947879184295996,0.7743749530878266,0
0.6589932876637392,0.1399802940391086,0.6922958960428889,0.4289025066477879,1
0.12413553159079688,0.44478147794813405,0.9505431672443216,0.6857149771597013,2
0.8997942603418183,0.7153167548258492,0.35037284694539395,0.09013182501878625,0
0.33570949028508895,0.7028290098455103,0.4904192773880891,0.25869558289533295,1
0.9863637450014451,0.6932031247892121,0.11791746679440585,0.7630409209912492,0
0.7648084249230191,0.8508621074617724,0.4611093202396661,0.6272121013331016,0
0.06345375148934645,0.8926950646347993,0.48909400735467945,0.6497144879951455,2
0.14055350992985305,0.408715770277444,0.2459783932903381,0.3036745035639837,2
0.6892541856567387,0.7199894723763578,0.6529713688931502,0.5332487955838228,0
0.08381558410217638,0.7022194701761839,0.03533413509019345,0.7662712016777353,2
0.24428685550004586,0.9031831315452081,0.5496579282805614,0.5899146410044962,2
0.36882930071019654,0.7150396976236453,0.1293139064451192,0.7789589249898741,1
0.6868250581229871,0.7271728942402007,0.847768279004431,0.9842895213719527,0
0.3948034371074601,0.7019054798378905,0.022311129015424758,0.98417503390075,1
0.17538060993644639,0.7289218498385905,0.858777058058807,0.15683135216552757,2
0.31571110608859493,0.35121714287241845,0.8715318115993793,0.6318585344287826,2
0.6490094629288277,0.3087583244371852,0.7443731665293503,0.465615755971385,1
0.9785430472725103,0.5092706428775731,0.32044936342303365,0.9311562446272916,0
0.8206623590201427,0.31660128438926183,0.21690016183129424,0.6162330275361736,1
0.23609877565063858,0.7996808084335914,0.7121723674221814,0.9991193930983593,2
0.9264842162544857,0.27884167573402463,0.9625122767020522,0.043901880359108525,0
0.34441324858632466,0.5334502564811279,0.13926156701096626,0.9669351034836449,1
0.03250059872522559,0.784267208020631,0.7164011371158572,0.9420300072953736,2
0.7964485931020111,0.44855308355999424,0.4106765982515481,0.26126564626974585,0
0.21962979063064753,0.4477302053025003,0.4050629811835009,0.900615936908794,2
0.12243933180897237,0.7247905688998248,0.7366390915110479,0.786060137461043,2
0.8033483116083884,0.22920694058876645,0.1623494880512495,0.1846335565674726,0
0.42703971027158677,0.7041225267735076,0.9269588732430396,0.44460188331048806,1
0.6966962058239041,0.7071559763957589,0.7395670739972684,0.2325207674049093,0
0.44239301079592425,0.8372205174156926,0.284269852452782,0.09592309360104695,2
0.7447894289757162,0.1821321886460181,0.4874372074009641,0.9906875421177661,2
0.9987075041749502,0.1590161775661325,0.6297955959895674,0.7018817289739772,1
0.5772312712092533,0.5751648529593705,0.1920108411270367,0.017335405220071876,1
0.9702008959817083,0.09478777532448746,0.9039238552943094,0.6281020455578856,0
0.8402585450945232,0.060757646407543,0.7126830744243398,0.7337175302862877,0
0.3538109582143962,0.6067702511111552,0.4458243842335232,0.3119493378553107,1
0.14667147218742016,0.2524462418803215,0.46185888227616934,0.4881027224642685,2
0.07638337705935178,0.48299385216815716,0.26203118384112,0.3759917192381352,2
0.4176130834391533,0.17798435334728113,0.2415824811962517,0.9730812834227107,1
0.4933685902382248,0.2845436094409677,0.16263922378059315,0.6777166657555103,2
0.6334076925428174,0.7963974005270369,0.7751857502725592,0.3568239230479017,1
0.8318897200004833,0.8731444411457405,0.056263007539873566,0.11995120254229047,0
0.4490975219575039,0.3650792063510082,0.4138095323619919,0.03996724179523914,1
0.13458860048250304,0.07302860487899832,0.7314627571625527,0.6242100857038166,2
0.3027070199815794,0.6512761524461956,0.21492870426123534,0.8443417741296095,2
0.7824778765122276,0.22620206855538472,0.9497155775057671,0.6772385696412178,0
0.29882319899267734,0.8119070053917852,0.45731410891979585,0.7615178406525256,2
0.29197338273137435,0.7800040933245784,0.5783181946082745,0.5983538916227964,2
0.9543664130677958,0.5287583953996455,0.6932709516154785,0.233599205858103,0
0.07421172298082612,0.31983951072672623,0.12595852808613928,0.9775935080123526,2
0.7608706091874606,0.6518839968549643,0.5236166551178028,0.22541052166174413,0
0.6328813947222216,0.9486359846718726,0.016125869263479586,0.25427218734334506,1
0.8598841547597655,0.0807437808315492,0.2673075347579281,0.21474400743017308,0
0.7539608611617508,0.585356982888664,0.5757825847184739,0.1358724219752382,0
0.060999693792844645,0.8378012011804581,0.9469112468640768,0.03288822675227898,2
0.49414721681878465,0.1250813942607032,0.7769101128262705,0.29989294448991016,1
0.7151508884215823,0.8410724072805349,0.56475301688489,0.10609478159908076,0
0.8501079383187862,0.9435343248234302,0.982195589173914,0.1015339423523633,0
0.7846974609728246,0.7690059438259971,0.5096134608899743,0.5202345790717846,0
0.3289134434141256,0.8045596636277319,0.5244536987656645,0.34042162571072104,2
0.13184107072290907,0.8272601247329556,0.1899384747860493,0.1869617538450678,2
0.4426482550352055,0.868571126502313,0.21098476310093295,0.28106324729725546,1
0.7456887860171215,0.8262218541810287,0.5635752102260125,0.3875879173381524,0
0.4377502945040686,0.235678829026853,0.8386972516740507,0.5614190562232277,1
0.21217530412565216,0.9203968371677738,0.9067527132810529,0.43376184407074264,2
0.9857307910634345,0.5819350057942774,0.09496855907034729,0.5916744522291923,0
0.283959926517438,0.8254032588307332,0.15380360644605884,0.29490511176226736,2
0.8616232622212938,0.9326184309875469,0.4404714908374989,0.354424504161652,2
0.8844918245460411,0.047463501666324515,0.16122498751197645,0.5427942485361839,0
0.13310738627245333,0.3245055077138539,0.4019261360006656,0.8998735311229411,2
0.8488252704012027,0.8434312055124853,0.39303775633074056,0.7757398764786023,0
0.2985950445694811,0.33044069986006996,0.14107235445581678,0.7336489076186596,2
0.6261369530267029,0.2962081809591657,0.86306770305581,0.4183674239132866,1
0.7507131353699543,0.73822648036784,0.24866410124112037,0.7995059096226469,0
0.0665208595574533,0.5217924612227389,0.9126288864058072,0.4366511076239001,2
0.5054762889897859,0.25448321069538427,0.10640056976167345,0.7535524279420784,1
0.7610863951794249,0.7124663939868869,0.9009403067654507,0.702318528787379,0
0.41786527782348265,0.5961035582518599,0.8397412873011407,0.6881981752446342,1
0.9981190803816935,0.4254900618646533,0.4445060007762338,0.35750471861352223,0
0.5140905219872183,0.5553944189561417,0.04042568002563418,0.21875809033809035,1
0.9107683597297536,0.596519435643015,0.33543746803271546,0.8435087434648179,1
0.7558462177038885,0.2501927349973687,0.9122298440615721,0.13231497583429652,2
0.481535706295338,0.9434368915833156,0.7399906827002791,0.47849870144065093,1
0.5443203717159437,0.5741544910643139,0.33542614192396036,0.7116064213847575,1
0.4435281314177291,0.8002137706218211,0.23527225441947963,0.4177555958961819,1
0.9397201063429621,0.1658795172433427,0.5959558520385033,0.48563588834232957,1
0.2716559118782457,0.6678651812038094,0.013033297203140615,0.3760252575420289,2
0.9433968433058282,0.9022892020560442,0.4775674026941281,0.6774378150699321,0
0.6858955283658501,0.16243388305096196,0.9308350403450958,0.9892217275104971,0
0.6233498190635154,0.6805270676658386,0.793647854594957,0.6133686749353733,1
0.42731122280126294,0.19630247454878447,0.2859505289233515,0.9003494504445377,1
0.7756178365569346,0.21929079621378134,0.19008111433889763,0.009670316002813983,0
0.10673240025996028,0.018081569643713546,0.03239676469339936,0.7738704203158302,2
0.6992399811228556,0.7760599236531236,0.36998560585195883,0.331643355109772,0
0.0452053293308895,0.8412422991665796,0.06748161061481772,0.048892076225271475,2
0.6755135453377117,0.7636256228488778,0.6867747096250265,0.8311363103625888,0
0.9140140259327021,0.8886784623697321,0.4880908035084488,0.2773295055527652,1
0.02975042041175857,0.3783293149675784,0.7600262503536337,0.05739637275581244,2
0.9960427833613206,0.2987747000367196,0.2081154599359889,0.20281726277255196,0
0.6002550131933442,0.719971141755477,0.5418277217910399,0.9161281915866155,1
0.6766234033372318,0.4210415310898632,0.8194216582469438,0.7729217635221262,1
0.33422742723787374,0.29302324603410557,0.0802938020603925,0.8884151259794701,1
0.6209369531313791,0.8678111654562606,0.06066329799248171,0.9371650629711739,1
0.45137099748989445,0.8974080379598426,0.0,0.6571366825020877,1
0.157785376857197,0.05936760618056103,0.2494239440437076,0.9121094387658477,2
0.13000878596614468,0.2268425424864593,0.02910689139234779,0.352422875168314,2
0.04568118145613087,0.9820164094162955,0.009324385616607644,0.7002654971064721,2
0.48968934285412885,0.31606266721164,0.9707517834434434,0.6070707884028899,1
0.5447938668626915,0.03967694712768943,0.18590469295874534,0.7429303200865021,1
0.06485468374487274,0.840863936621908,0.3540111439396516,0.7101801351403638,2
0.23500165870676165,0.06125707961656501,0.954633543638578,0.2390338153330258,2
0.921221804039589,0.09294846066390106,0.8824965456112279,0.45072619290066124,0
0.9006699609938427,0.16348542489449525,0.7628221951082508,0.9501223407492805,0
0.09571294438683686,0.390341876590345,0.9481897668365624,0.978008090227527,2
0.09615412805428103,0.3555964211269942,0.8292195915080782,0.1968880202169041,2
0.9328113835493628,0.5933417822450286,0.7702068593209384,0.6963185050103253,0
0.7640616456002547,0.9225130200234746,0.34154459723182984,0.25928476263647066,0
0.21574917623678774,0.3772917184291136,0.717503331945089,0.23419516449654354,2
0.9832549025171904,0.6966624776356725,0.9886511046820239,0.44636578022475,0
0.9874809104048559,0.3072604653213078,0.7981022036992016,0.233981353779751,0
0.5873910309271901,0.9749398179309059,0.7127676435624677,0.8927292518100551,1
0.9065316610372691,0.41711556356416324,0.08690569443430896,0.8352033155560386,0
0.04099818571923075,0.6246646793106538,0.8049251033397375,0.10208343969075634,2
0.49345805217634114,0.30964020898500744,0.03355087473403562,0.364618610618112,1
0.6843465959947665,0.6958243873916021,0.3500786665715385,0.46978234668414526,0
0.8944217165987138,0.15430524534153522,0.7033079184307631,0.43613253960926307,0
0.8819295958290672,0.6539252149997588,0.9483696961541801,0.06579564057907195,0
0.6816349046900088,0.28819990276055485,0.2515563911249923,0.7027722900282343,0
0.08051759798617719,0.40008028173285237,0.811923426011588,0.20648975964422173,2
0.2163234096002053,0.1752818758726189,0.895790424974853,0.8693829528212873,2
0.5718304827636211,0.21803986327400304,0.31036140723851346,0.08347077922542812,1
0.13121474488660967,0.9306495607544345,0.2900886576251531,0.6194565661630804,2
0.9438226229554403,0.5465768182673358,0.7107854797227979,0.2627384663209164,1
0.6866377345288255,0.29767286406368787,0.8195442392670578,0.4052165526420523,1
0.30335122950842713,0.15855823706699868,0.0030893786699359715,0.9269419330012716,2
0.0966115435879234,0.6355617645057368,0.7774952378092621,0.19950139023441482,2
0.8990104047185314,0.2974695726735588,0.8658152288752401,0.1660478691379998,0
0.5846666107086733,0.41482094287356674,0.7165551926887392,0.4711107834326194,2
0.20991624029665473,0.009340366823508361,0.8638046140820288,0.13435134480281885,2
0.464689379001402,0.5353772721700494,0.6955305090793806,0.3343636958049077,1
0.6714692441211623,0.9814653024840057,0.22059437433937013,0.6408199120499996,0
0.06534181889816743,0.03938557456115821,0.696557044043776,0.5049042611733756,2
0.05427769727849141,0.009334467316939321,0.45737508639132574,0.7912827294562663,2
0.7591663883267392,0.9199463233918606,0.48617047850015904,0.6103806945496963,2
0.9787645095717372,0.12718609759323307,0.48750615014192644,0.44553294418338557,0
0.525779206379926,0.7472473909188182,0.014175732883401349,0.7050410974471224,1
0.7338579444198787,0.2302580304834354,0.027945442883679616,0.995267126925397,0
0.22672124848229663,0.7016668421631886,0.8413834039312791,0.3208729977502884,2
0.5496885561564557,0.8027773110417915,0.3664868702760613,0.4035067330524355,1
0.2540336008376804,0.373640398953329,0.591670636498806,0.4168866305839474,2
0.454146832812872,0.6501462974516026,0.02546322324208461,0.572932286296151,1
0.2502673595651402,0.6559261738054227,0.16077710711258142,0.42111179539228,2
0.5072411776024721,0.9197567900230739,0.3041846738721041,0.4462439864110385,1
0.8879564638417548,0.4723157409621723,0.7958689308301037,0.5485277400797599,0
0.5858184246613551,0.6065046986493174,0.1874579434102266,0.761829917114379,2
0.28208680977872397,0.07740882940187976,0.046386848268586744,0.8199719526356193,2
0.48588444531999214,0.1295344060415664,0.36694807610101376,0.45135094760441413,1
0.4536158914221153,0.2581232543738725,0.2216791980000683,0.5344936148742099,2
0.09006513048640902,0.11534352273368809,0.10365705517494983,0.3667621257551052,2
0.41427490925697535,0.4198548685400809,0.44415922900685745,0.4805650793696576,1
0.5585076139226932,0.5348335829367341,0.5259629772276417,0.004821452067325205,1
0.3765359370104882,0.9740307990194441,0.4828969914196406,0.6063737577906418,1
0.8122775538074838,0.06982045870574916,0.6767208142140895,0.8231157813887091,0
0.9648905636094742,0.8541227321652205,0.5327790718128145,0.9689466510770619,2
0.4561358669071384,0.25869720220552717,0.6226116286499812,0.5283924864337233,1
0.5944969535206868,0.5710865565886329,0.575802358981619,0.8262136283500425,1
0.7492083411462707,0.7062806041160756,0.7703410158457902,0.411594072831805,2
0.6352964326510311,0.7068738893068869,0.3861880487206877,0.39611268767502056,1
0.057331244385691205,0.20905614576867593,0.018305544199100465,0.3667263167098285,2
0.3305593972804108,0.091696299274457,0.27755792268851076,0.6124326617479974,2
0.10216383778056692,0.6989428707762417,0.9986671925550761,0.3030964052799748,2
0.3535124948693427,0.49094157313690534,0.6717342306485601,0.17756251506706078,1
0.818215073410157,0.8550202450358182,0.7206453933055412,0.8760775598126815,1
0.5726525818194383,0.4683359555776785,0.7231707342754601,0.8419205329060506,1
0.21535804688105215,0.06117249408808756,0.19640541906201858,0.40354949671591694,2
0.4161689689601528,0.9785989798294843,0.7799849490124431,0.7040075667125443,1
0.5330671619085732,0.2159490292947479,0.531900545484915,0.6346665986231752,1
0.5628736052230425,0.8871764778894533,0.37179991925120826,0.7484858379925288,1
0.6568878631492621,0.6342109226996937,0.012050614675251703,0.6924635247052413,1
0.47748628459118586,0.48042456382927146,0.36590196907227046,0.3540557918078961,1
0.029018284651941728,0.07719382324697066,0.5378580454185087,0.14581049144528274,2
0.48667008078960455,0.588886331470104,0.35668627695146515,0.8745979586360253,1
0.2058010646500112,0.8650677291765636,0.6273391529393477,0.6154148919402025,2
0.7061889511445707,0.78533871205805,0.8756835313190492,0.6401988328329633,0
0.596693838098874,0.7042693980160768,0.430147937859616,0.22670974154576995,1
0.05607640546222864,0.153392152754394,0.7903556225233705,0.6155176263574142,2
0.7442974085452994,0.3109973504652006,0.4361010877494804,0.2649805537539039,0
0.5027281817745013,0.6211371291911834,0.804122611709607,0.8400856773174259,2
0.03987386798249348,0.37994278699589024,0.5900230060982159,0.5008426625480744,2
0.61188875483224,0.5474202001658959,0.33106424592194394,0.9101087019651577,2
0.1768062851685655,0.3861770027407343,0.9308090615822135,0.457916421029894,2
0.6505006132239608,0.6259616848565572,0.5934487331937459,0.22937436609083,1
0.31223637767797746,0.8877762379621819,0.733312345324824,0.026479121396085825,2
0.12177923455936235,0.38870126671633987,0.4806129472921412,0.7502990164915779,2
0.5608281231695622,0.9990455022895566,0.8831834849180376,0.07193198059830469,1
0.6292897293566981,0.6969858568956389,0.16299256347260038,0.08571285711132215,1
0.39564603110869917,0.7826014119395064,0.24849183424440513,0.39100270549462696,1
0.56841356164234,0.5960111537016253,0.735435850394889,0.9002425986567053,1
0.33041291979773585,0.7748506680397698,0.17592646082038987,0.8985250959602078,2
0.300109983318577,0.2675149304766755,0.7033670056280057,0.8990519197658933,2
0.8874700401747626,0.44181538113748253,0.4681130673635723,0.06615722890615477,1
0.5633165385638585,0.6736957417913476,0.9051235914354847,0.8766807792806559,1
0.25560018190693784,0.694058407290765,0.745714957020505,0.6039656229725234,2
0.9934654304514312,0.4647271162968274,0.6525528091184776,0.8625503696369166,0
0.16191689911015844,0.06576643145604222,0.2820169536966233,0.5485137310655426,2
0.9563078336603288,0.816098745082859,0.14874159772520357,0.9439856883715407,0
0.5757095641671308,0.7468308249192621,0.8897960524283257,0.2306955687404037,1
0.4880743559616511,0.602306877845052,0.5023196928219331,0.6660034005611377,1
0.26119440685291734,0.08719522134833979,0.8461195318225241,0.7700108797399576,2
0.46099896918006716,0.026704480835344713,0.38067218019573046,0.1221819716795014,1
0.6234939662284376,0.9917416676828081,0.9518867902084422,0.7275004859377536,1
0.24314730243690658,0.13657552446242494,0.342155691492664,0.5717321397959496,2
0.3695985122179301,0.19557803521286465,0.26268115777888634,0.9473784121462183,1
0.1275794505956413,0.3537923909788945,0.1685500862560767,0.38835866797600965,2
0.30932047007065294,0.5051017367873765,0.7545292180915113,0.6496751632329105,2
0.691534965250374,0.12749724316887612,0.8679323542047643,0.19819479187564443,0
0.7822330958813093,0.9706221235606398,0.1794773518797752,0.666055637924579,0
0.27722310463527927,0.5496403407948793,0.7267359516330898,0.6778321674476986,2
0.7325886771355274,0.644437307484026,0.6677974223713496,0.833999670341885,0
0.4479589551073016,0.9411549810888358,0.23300110919671746,0.6948809680699637,1
0.5538764658380171,0.1289602704596955,0.7371046197340312,0.8204577302239484,1
0.5544225004870915,0.6934607218059388,0.08934688587655426,0.13097180960410648,1
0.19633481947458936,0.295072695881329,0.7895355129080031,0.3161798262886137,2
0.09568317147264949,0.8639631344337733,0.18552771693538594,0.33868482937277494,2
0.5327494650423716,0.4034811499007389,0.8881940797628736,0.5923778035611131,1
0.8731959820443429,0.18997145804564974,0.2644676441076921,0.8413261574559645,0
0.010313701515410056,0.0866459063205669,0.7304079266009618,0.10321033888778608,2
0.678301906010335,0.8379562087778989,0.2568789642406575,0.8217332623096378,0
0.8028016359998293,0.8481738669957786,0.07585602282239057,0.0302257552474281,0
0.9380720528733735,0.37317772013575845,0.0852817335985494,0.26549883373788935,0
0.08712027186735238,0.9708329880544408,0.21092511830147087,0.3845897112034425,2
0.9914277464406516,0.640372644411465,0.7835545701744904,0.11383499152138754,0
0.2868076282411602,0.4176078326955799,0.03391852220152369,0.9206118463886208,2
0.6961832158196293,0.24000182550065174,0.6909821896540254,0.25757697967270593,1
0.6552295000717236,0.6479834392623689,0.7296008806464838,0.019452729514012945,1
0.30371318582923507,0.5634276273127392,0.21581758938776385,0.7106262032249031,2
0.7383132713722167,0.8169965837953692,0.3896825621601807,0.9390634642106477,0
0.11109768151454436,0.7201830152663684,0.423191931848772,0.9684477478829485,2
0.9993824365499071,0.38231199561710394,0.8989790888773808,0.5852240536905233,1
0.5989037396019814,0.1652886473747459,0.9458375112231274,0.7508620651228217,1
0.7362312139732579,0.17337208219973088,0.7650576799376414,0.16851473750493873,0
0.39650268144992024,0.11620867847966676,0.06841749551265242,0.13793573015337307,1
0.48011325522728526,0.20980450618232616,0.43068606469394766,0.24794178639094877,1
0.8100233631741645,0.34646730649002655,0.9241673194454827,0.06269309660531447,0
0.17699525983251913,0.17627553235129678,0.2741252241614256,0.7586423752030123,2
0.6613355772237186,0.5839649890183496,0.9816146865504862,0.2536865476071028,1
0.586669140790365,0.5258999151795718,0.13374746040116303,0.5786581831830488,1
0.3924743888873184,0.9858043292658933,0.9504685175224794,0.7571169010200947,1
0.1519503111192126,0.12646136553568588,0.8419727202875653,0.9997549103297745,2
0.11650855553305006,0.32655784574423663,0.7428800807886229,0.2668895152187087,2
0.16523028983662913,0.8740310743310469,0.21500656024653964,0.7662876696926864,2
0.4344445408669568,0.1605079124397688,0.8361380794756137,0.04385041154615549,1
0.6436863564779081,0.8691805944821172,0.9413747964769001,0.0524494356541233,1
0.22064290709638174,0.3614993642559876,0.49041541717750525,0.43007664253165695,2
0.4015787998827391,0.4054255506523945,0.7227744004030212,0.8746515870460951,1
0.33689610276874,0.7408974165090305,0.7477292539683642,0.0977223718065724,1
0.30617664803994155,0.38076206634832865,0.7647371382482069,0.897953440906684,2
0.7807752748953054,0.81178444627715,0.22455332635214753,0.6318771066788111,0
0.14646413018035637,0.026249733763495042,0.5578646599508919,0.7002197665262802,2
0.40080305231611985,0.8582008987942917,0.12484103090286625,0.4535038386083458,2
0.29811953244658135,0.7321826235322113,0.494454755917193,0.7622929147901136,2
0.8266951205278632,0.03845908584116553,0.06338114872859402,0.9582721343166383,0
0.18702306490942228,0.4331902345948697,0.0797311188101053,0.6690445326194252,2
0.9489309749639521,0.0658589112407304,0.8640301095970506,0.5019283942206385,2
0.15191154693805448,0.05786822631402089,0.9774305566489496,0.4402365749761937,2
0.9280495901265697,0.38004137752602385,0.17147783110745407,0.737944239053651,0
0.7149200921981198,0.2697809602019676,0.2707948182255615,0.8182667083227495,0
0.8741311534139022,0.5508475709485523,0.21531053060469563,0.2955980928244611,0
0.04026084561014537,0.7193990396644938,0.46515367917417194,0.44747073882704996,2
0.7973086026829033,0.40185567000650324,0.3960775473736553,0.6580572700459126,0
0.3724572561587775,0.3568919072275878,0.49783213778264224,0.2926737370915257,1
0.6075735583956379,0.43741413684967445,0.3449010558454524,0.6959470742836011,2
0.06611724310360856,0.3772586122627879,0.40947220820242003,0.8857532332927989,2
0.4613703934624083,0.13205694674573487,0.8577875473971321,0.8407254519327023,1
0.4628728241676728,0.5518169198105054,0.36865981576716544,0.3415944806827889,1
0.16818415174441687,0.6042311109824257,0.1326819210610648,0.31677610712383936,2
0.4817566907998437,0.12793721104011335,0.23520966623123019,0.47174435716076396,1
0.7554748229046653,0.4464654767842158,0.7243795945794074,0.5335941046091146,0
0.8874014550167475,0.3032070042888726,0.8353887974891672,0.7498305546261961,2
0.4824729106401375,0.6393040699787924,0.702331771273855,0.32951745253848536,1
0.00019753699585450812,0.3873371201412472,0.9550658415744011,0.9105860446224048,2
0.9921782795014846,0.7047117068854953,0.48264838018637435,0.06461490631780736,0
0.9831094359492327,0.9947198089967653,0.6943653034496231,0.6667441071460103,0
0.6362971809576567,0.2523611895231117,0.5137332714190153,0.6461119993951101,1
0.802666344395029,0.7727308144485916,0.8591488555426756,0.7243108990291123,0
0.8196981330611517,0.5052620473585498,0.9534247291154023,0.9255128735441163,1
0.8025741395272847,0.7342667888495964,0.5505262929943149,0.22150959673062154,0
0.40856996775501203,0.5680665834413603,0.8239031242397203,0.49142102466098164,1
0.5804957701971973,0.13705730449633635,0.22547615582935276,0.34252664740011646,2
0.8969553109561057,0.838234646829563,0.6354519581199474,0.3025934420091479,0
0.19537103156301877,0.21255087486592839,0.4271564660320102,0.8880583845909726,2
0.9487709394970516,0.7250005369760271,0.73068875766783,0.8871801601447016,0
0.019533694089213793,0.7332101021868078,0.34354870115651237,0.77459093398567,2
0.4175532056661509,0.4803134711069319,0.2950746885250424,0.08812780291683536,2
0.006428580554135033,0.877166996296775,0.2224200188838914,0.47490177458096255,2
0.09702687954772893,0.6890937970901796,0.47989680151210345,0.5967164744901992,2
0.04897590429032511,0.1084611943721343,0.5555493783552727,0.7283317785424788,2
0.2926359662125137,0.9715533305659776,0.3201855264174003,0.7144208312847926,2
0.6202056047412372,0.5982239749196017,0.5625365238404947,0.6141152002238421,1
0.07121817450095302,0.8065259435964316,0.16192682390112645,0.9692877766994075,2
0.4056177325332068,0.8212449098448598,0.473970285216363,0.5166466035907231,2
0.8387270708379231,0.6967013904418204,0.24783592486446437,0.6996781458749806,0
0.22487171993990857,0.08544346704326444,0.21212637917697696,0.07649839793899527,2
0.3573790775539896,0.9110261854170696,0.7493086167654082,0.8109817854836927,1
0.9663368767192586,0.5495815691104207,0.8475036757486807,0.6011484925035431,1
0.49789074902043423,0.36641015175936276,0.7802271553108855,0.8359443171764156,1
0.13954688852498104,0.8555640456640743,0.5473163331686195,0.8580620866048356,2
0.20379306914588385,0.2410919336932693,0.07063546306154267,0.6812527769145269,2
0.4332710396247607,0.4972675008330343,0.6340668749536857,0.464520353653846,1
0.3211011870726425,0.8035565559230486,0.3024117953439165,0.18623220297960302,2
0.7714243903245195,0.8150578493194904,0.5704687691413575,0.5062161214888861,0
0.71237064222193,0.6989811493610192,0.10510797733655641,0.5478893905038025,0
0.0009282929459630274,0.664699045184755,0.3052717722237952,0.4478733618275467,2
0.2915891259570424,0.8040835334833332,0.12796766363508705,0.012576221373997165,2
0.42038280038800274,0.9526087798555707,0.46677619907437906,0.9144906218446587,1
0.6530371333417846,0.33263507949905,0.3197851547017325,0.8371555578509524,1
0.865705153660888,0.1537069122768575,0.9134776784124696,0.4288277792019523,0
0.2647145097226615,0.8571176324566043,0.7962591502326575,0.1990075085681582,2
0.5215308185063463,0.25746752428494224,0.7533434430990633,0.6750055622836921,1
0.6851187708519781,0.20384575210548173,0.3285458442590523,0.7564434587159115,0
0.17319418348307053,0.981481245651749,0.8519833829429562,0.11395542512110707,2
0.7571461936201485,0.2721139014203551,0.052950548971637756,0.48918405270402193,1
0.8267774881996193,0.6557180171184187,0.8958826959142807,0.9505371304191286,0
0.9107007531377365,0.46783910193530587,0.3800332584833226,0.49417986249667784,1
0.4684406848833352,0.35927673299715845,0.6964052114094881,0.4964927419009247,1
0.8596924525074763,0.8905284398380953,0.9028322125305821,0.5908834713273279,0
0.6582316490434879,0.5318366213112358,0.6361662490641526,0.6016076197664171,1
0.7931821558842651,0.9112046695484721,0.3235740917825656,0.39211926669866376,0
0.0536121007620064,0.02148532642210088,0.6425762184626933,0.7576573587325137,2
0.8005305077440157,0.011159484499224659,0.5945014895221972,0.4586047260885791,1
0.3196123665722183,0.9880472420874178,0.08889605239970955,0.7824914082127752,2
0.48969343844262775,0.04079385007206504,0.11604819008785339,0.37213430503773787,1
0.9795731762181179,0.03355538965154903,0.2488314276382968,0.40368763842148897,0
0.1106982768330399,0.25264216695065156,0.8530612059858873,0.394102418502236,2
0.8182152495486803,0.4231639958626414,0.5735442696748563,0.35379333366561744,0
0.19326348612792815,0.7588171722786636,0.32275817150052344,0.722845035932635,2
0.2265384775721287,0.004258598422232751,0.00025889413072222034,0.47178882894503743,2
0.010622407340608042,0.6253922027317385,0.18432201662621184,0.25171317224401385,2
0.16506001426658173,0.8460176649881419,0.668503895542127,0.15028324548837807,2
0.3330118786375282,0.7125561991073293,0.6097115953595253,0.2387021577311096,2
0.671726473658919,0.1981132275980113,0.9504896672435783,0.206629673596967,1
0.5845782329749327,0.384740370378726,0.9996240561450258,0.7122045942017297,2
0.6369139397593988,0.01028848556406392,0.7996920071976943,0.059021936276947407,2
0.15681179310361043,0.3533387806052677,0.014345014864088679,0.9829801648344341,2
0.12419737101986361,0.7177715166576177,0.44538855225059026,0.24616604192489333,2
0.4380382869139909,0.415855879206225,0.6723169675659073,0.4876112775538117,1
0.19864084046781277,0.21771831428456645,0.26559957324966477,0.5575945036385044,2
0.6202159857761937,0.2394219792994614,0.30381142871538347,0.8362150095577026,2
0.3490726897902023,0.2770222918833789,0.5762658682968858,0.8472791416130332,1
0.6765813867590689,0.9917938750257151,0.9717534566780506,0.18475309534933104,0
0.9057444023313392,0.32718726463484527,0.682224061291604,0.8084175859032314,0
0.2514305996195269,0.804457896463443,0.5857018521294333,0.006921238983740363,2
0.8234552166908204,0.010468845333994503,0.660306802446029,0.7337360235328354,0
0.5296325825759958,0.43193661971810005,0.7859764921014709,0.7488896770881215,1
0.8633202228519532,0.9511111139397126,0.30553996221156154,0.9878287885567891,0
0.632318946105471,0.6840555617110915,0.26419020527389603,0.8148213908520896,1
0.8000015684773651,0.2675681540146586,0.3421295456645259,0.42356809279518,0
0.695644251928303,0.8064474499341141,0.9025077464159348,0.015023905850992947,0
0.035561184801770895,0.016600169428250267,0.938230682901259,0.14900225842200088,2
0.8187609935159657,0.6801744966629226,0.8197972947659826,0.8558049777401002,1
0.09406922884507352,0.11182589174799973,0.012871687797144649,0.6894676126161483,2
0.7265733755893422,0.18194470553575104,0.7935244417458858,0.190053137129357,1
0.02903966036620692,0.4795164708348014,0.4349593905131022,0.7228652977817893,2
0.994072322546534,0.18977588287490899,0.48120257856432525,0.03538174840635916,0
0.21713417985149647,0.4002230401490334,0.25211533982012946,0.603514819928646,2
0.7811322495122481,0.5973881823957627,0.7305814341030228,0.7808321044821038,0
0.8595097627074038,0.07857867910068306,0.2846094071964964,0.8263522738935591,0
0.1628112239673295,0.47871070510235114,0.6228907913500372,0.2998357139443228,2
0.21574166343834517,0.48770554466735816,0.08228049013821304,0.6551224292017455,2
0.6981020335433148,0.34645120554866304,0.3366705184904266,0.47042247884360094,0
0.4601256468479658,0.7692124071713458,0.5239670233871225,0.4538193494883796,1
0.5504450644359504,0.4468640123725576,0.3559331295014354,0.18185354895731848,1
0.2514965944794368,0.9686750349248674,0.5108412954070083,0.9826224496711837,2
0.42012353574394895,0.5634024862930549,0.4340362580530108,0.7872970743787462,1
0.41574144781582795,0.43965858356073384,0.27936163680446024,0.4165940465932371,1
0.8388430166717653,0.42827894890127993,0.9092909555086113,0.4711499191310093,2
0.9512083587401805,0.14809099685659755,0.5127596142361039,0.13703288644279232,0
0.23610784868804507,0.7838979754029614,0.9641897478367865,0.8747396431104542,2
0.5894210046449277,0.8405647347155509,0.9660164863306617,0.1264065301222529,1
0.07465640676981561,0.44594185728994273,0.0824475346700928,0.7010285710803448,2
0.340699756213878,0.9885667832281178,0.9502180499680453,0.5552460655512623,1
0.13659418457038697,0.24795407389329882,0.6352350154172783,0.7073266027702121,2
0.3844721799315533,0.3656405670494418,0.06644267680199345,0.7282953828332965,1
0.3937898127404131,0.48877315384882336,0.9573425428384166,0.6835238388546421,1
0.2256624906013283,0.6977341550869876,0.39240437489771796,0.032549717333343164,2
0.123643731926104,0.7098702971822439,0.050788468989245716,0.07424339555021403,2
0.5019629066707643,0.2564556742773365,0.7092826829589978,0.03306423520715168,1
0.5606071090266509,0.8044595749121559,0.1624978559360466,0.128402961151259,1
0.15841479311592882,0.8243384011033712,0.9496457938803107,0.9819492024269973,2
0.993668918046648,0.48235040299977316,0.5275829961208205,0.5738689330972537,2
1.0,0.5590631383034468,0.6924817122889038,0.03947404179048991,2
0.17966336359988916,0.7148769828928303,0.6705357362284765,0.39967876978569966,2
0.5582529270457157,0.1919450327479686,0.7178992858355038,0.4684277081835278,1
0.0732648963648525,0.5852491639193482,0.03879795947508402,0.6886984286608209,2
0.5702315804992086,0.3275980995797836,0.5138425341403676,0.5441074752590609,1
0.2448098314335963,0.020253550837123768,0.9261222564376705,0.3840992853083948,2
0.3240922873790572,0.9058296394486878,0.1333766864660444,0.2004574889302334,2
0.4932294244776854,0.8284800550172877,0.46047549611028615,0.5417284528428556,1
0.4818223050542724,0.84077618166128,0.8806143089826088,0.6348515563889678,1
0.6427918981569338,0.8594444057989177,0.7501413353317163,0.9031766043594618,1
0.5508552669620541,0.5682589602435064,0.14718631078525335,0.33212127921576345,2
0.7302290764346144,0.26153683141815365,0.09248012722530596,0.05425928842548722,0
0.9936849891048762,0.2334782526549961,0.9370340319599273,0.8579213879127525,0
0.5832066675178313,0.29936275224206677,0.34275392009667627,0.7691128597646422,1
0.48059022234232845,0.03391467735661724,0.8636724961690248,0.9489963127830818,1
0.6503384928668243,0.7001490312371661,0.5471776690730952,0.2790545093969749,1
0.15675463474395107,0.5209769726599942,0.032737863513880194,0.665842340448437,2
0.17258310495228185,0.9844411990960105,0.696701616064713,0.7245206355433067,2
0.2225946723412125,0.35911222077943195,0.4128834300186628,0.5746250084654534,2
0.7492324280285714,0.03022185919477849,0.5091844722025913,0.6572690303867408,0
0.20435236251368977,0.07113774141346108,0.10044147040091511,0.14654668016947403,2
0.852212464141813,0.5813468449267221,0.5245875124327104,0.6661018552311246,0
0.3090380407547196,0.8094385906017927,0.29670202653213185,0.24279899555234724,2
0.8167372391637335,0.6851734392018318,0.5536130400212076,0.6647730603797788,0
0.4881252571643471,0.3098805296781393,0.5044639102256365,0.681157728321089,1
0.697702201604915,0.8121721650690799,0.41039941611634023,0.17098808640836394,0
0.7500954612205704,0.7200524490063647,0.7490998764671151,0.2837337001929284,1
0.6355201509210653,0.19445948945638847,0.13549352885464394,0.225107955554396,1
0.8139829516844281,0.25009929691559396,0.15795168926584124,0.4325313569331703,0
0.269788634395475,0.3415738848740162,0.9600886745561428,0.6637169105791689,2
0.9705289152597325,0.31773447197756544,0.02384697659974222,0.8865173832486823,0
0.3365102661036549,0.0669811097332218,0.10870850617494665,0.5112545820602981,1
0.6039229929983161,0.7573907696132374,0.21793136713952843,0.5737280943838132,1
0.8076354789180098,0.9476955945950569,0.16264384635896545,0.30030602580071314,0
0.9371068910407503,0.5856581240263548,0.9405821777475905,0.7064700388488045,1
0.8305375330999818,0.4728414807432688,0.6414260446488789,0.9351372280590968,1
0.5905120257080321,0.42709896584705564,0.19604573325410302,0.10151516396438309,1
0.6697396906445519,0.09919864913267418,0.9420864124679329,0.38302829298181346,0
0.5238900570612741,0.27057432523744684,0.39463848566461524,0.5792739991672424,1
0.14793813657061972,0.9077646209539465,0.027318292879904726,0.6712164902687279,2
0.7080361452346631,0.09693274687705711,0.11736914020006828,0.8020938962084192,0
0.5713572916481957,0.8938630880715606,0.851474517352885,0.33533199633535965,1
0.38254569612185035,0.725560152417646,0.34442369998441524,0.7941369266201292,1
0.38400259041775614,0.363599449729451,0.47340814237011886,0.27021619406597314,1
0.5651703225992246,0.10717744435082466,0.6020112466978687,0.9101143348722693,1
0.20726088317541008,0.8560140086050361,0.2833198651398021,0.9513737817681842,2
0.3447420824681819,0.2899598835503199,0.09822372068909879,0.9525908976372284,1
0.9454457682662738,0.4903174048039529,0.7834843376494272,0.2507892710757252,0
0.3721114711202837,0.17391849556361838,0.3478278911266621,0.32228856424394864,2
0.3571457308672001,0.22617669930309114,0.9633060221178087,0.8307210920866395,1
0.3630750427150155,0.06567506944683665,0.19582257989094942,0.8213831814086143,1
0.21265416276682475,0.22595342852671507,0.03929694940267492,0.6723827005041869,2
0.5998237680849237,0.40875974257895975,0.37457711497280455,0.13126095408561106,1
0.34288495636152644,0.15414994991636166,0.03168196543934676,0.3113744077354185,2
0.9593913609414118,0.12003032405462388,0.7945738137024518,0.7427035002948592,0
0.8542430444880589,0.43040925574316,0.4429232545117765,0.09688714585282654,2
0.4756467657382267,0.6753864059303323,0.5205768868707346,0.27261863975083617,1
0.9169060885004912,0.05258950804565998,0.16188564371044278,0.7260001353199457,0
0.32809704714723925,0.264107708155634,0.2741321330187765,0.8708674541329398,2
0.9451934471402113,0.10961496434629225,0.5064855761719638,0.7347892689630857,0
0.048460772645786354,0.5146103029791484,0.1926854806113547,0.35127956518669706,2
0.2531287419077399,0.13946366794960396,0.24347175333702586,0.39646042559391387,2
0.9583606587396554,0.1565779612261482,0.8094381102000789,0.14676498176175923,0
0.1265358111101887,0.19739126195818657,0.5558824345162336,0.7414556249813085,2
0.7171616813470032,0.06578630230267213,0.747220811745215,0.016305398293328943,0
0.7529599182767486,0.9525606337941877,0.11445160022625744,0.5468401541795955,0
0.8723845627603724,0.17648996386868254,0.09590249699305997,0.561398834129508,0
0.8523644595624869,0.6258048920044634,0.3280080142460913,0.29382664481347126,0
0.7770122128650814,0.9629386589523128,0.1302911008108274,0.3156146216279267,0
0.4356335999009499,0.609044767388083,0.04526145933967429,0.9037471145473424,1
0.3016549960262503,0.9222684611896994,0.08675350601933896,0.7913949432393532,2
0.1997218268664031,0.7778680654768395,0.9205097677319993,0.46314457375943613,2
0.33976345426384774,0.11713945202278842,0.09070603702017599,0.0661569459918323,1
0.7917382665998725,0.17828357442102027,0.2464089833218457,0.9636054929802402,1
0.5765990831677807,0.754791244052057,0.7080915316999401,0.881718940247876,2
0.9467478740703215,0.7912518053482966,0.6341866581192042,0.27290828984124055,0
0.19187292201812195,0.3561557543690501,0.2336627378849816,0.9935654316783833,2
0.8103437747791793,0.08226245804091614,0.7061583725828862,0.6983660479189564,0
0.9475963411609123,0.6783959966476873,0.2491886020005456,0.8718128391826414,0
0.9259785524611333,0.9894477459990736,0.19703043288855082,0.8675759676210146,0
0.3265815558649859,0.8992309714746549,0.4120516411253541,0.5627067898643376,2
0.9278484223380152,0.8125224292064754,0.8196208979334307,0.08278956178719837,2
0.8702658880794958,0.9130689738444089,0.045661529791316324,0.3382278681847151,0
0.4709546590734575,0.712281687390137,0.6382392830673604,0.17600100279560338,1
0.059786287091971146,0.5134198096286602,0.6453562199392524,0.9841494896953311,2
0.7726415983372277,0.4231341071541934,0.4436498359491179,0.8160418819138402,0
0.8682431330140323,0.46891950856570785,0.3324872224946309,0.20596287503259159,0
0.7260020648128813,0.5409329449137001,0.47324988087675224,0.14384745356210504,1
0.37386952991855943,0.5487008293801987,0.8506497569337159,0.46287346391602885,1
0.7383959171773813,0.14119740633457956,0.44057190436558136,0.718079916155592,2
0.7435608348449219,0.08919099848966305,0.37228484316277366,0.6468895678544226,0
0.1396487157321929,0.9345325087675709,0.13645542076365436,0.20630270006585705,2
0.13418418084767536,0.03388973517438165,0.8794969596900519,0.836843246706467,2
0.29373151518560586,0.8377285249272004,0.06573602113491162,0.28265538965075926,2
0.6493887181613311,0.25018403531803335,0.038006048486736166,0.9512836949903034,1
0.9838554213781521,0.9909286005971321,0.44898527985873105,0.9858519279379441,0
0.9771245960944335,0.5307025935771355,0.8333825510301112,0.6294267840537018,0
0.7012944473147906,0.5220002908065464,0.9711977757179557,0.7022584027994174,0
0.12902544181464304,0.8951228196323393,0.5771626080606898,0.22176351853097898,2
0.9904743383465331,0.14963302128613498,0.311907851712524,0.3671731089631189,1
0.565594943462663,0.03368488245139378,0.2989037923165909,0.5596991779821283,1
0.03506970349332861,0.413125716569386,0.552742360042721,0.28968452136644735,2
0.2657394424457961,0.38555404986082875,0.42826633372997835,0.6662395206345115,2
0.5232866952627944,0.7177425677552265,0.8454425548994342,0.8417006503369631,1
0.09502810489258179,0.18019430403364622,0.7943137420541548,0.585923501938743,2
0.09163926314178072,0.15727271337356497,0.4834958428653695,0.6019368173971185,2
0.8353555455705834,0.19297414765538234,0.13038851973163834,0.48756471372210447,2
0.7618113682018981,0.7736013407997888,0.44355512851671497,0.9329827551926788,0
0.4512920981656873,0.8747663252889837,0.36101546916823346,0.956295117513593,1
0.36520139486734277,0.6124466058275189,0.8961848669336203,0.3234578340645334,1
0.7714351461707463,0.8145388507231786,0.8098452831196021,0.11806393258526826,0
0.2606127955654844,0.6169169078734711,0.9321836864082735,0.8493729501975569,2
0.11874106289961256,0.11791438054122105,0.4413549082740922,0.3596279679034173,2
0.8026077561628371,0.8387367774608119,0.7316678195016468,0.34229049383244187,1
0.4561070035334463,0.7210414922054682,0.42938125906155,0.4014078786286704,1
0.19137999737307637,0.39969498569840334,0.8374202255327226,0.01292054745034732,2
0.3498136897030771,0.14238030772848487,0.25503304935853555,0.8169502713817647,1
0.26376178627532815,0.02917675522658092,0.39982040876695657,0.5952798288769268,2
0.1400956011927828,0.29882836201700536,0.2075794668094295,0.6792809400102997,2
0.9397660928035156,0.34000120404901235,0.5425108879053833,0.7845027202246577,0
0.7952054015928787,0.1537307330864437,0.9307310849427157,0.8652527099638803,0
0.3336173756956606,0.11602465283675922,0.4727482140642405,0.542794921025856,1
0.2739158049464491,0.9655711966991574,0.7002711819082239,0.041428609054458665,2
0.03163093873464601,0.9623475713159413,0.4917843483172699,0.2368789533467745,2
0.2379659039294994,0.10680270165590167,0.5279295903019083,0.7642793430688744,2
0.9957051516916124,0.12672199689251573,0.31019614205889345,0.9472627701284972,2
0.11415942565854209,0.355373102868763,0.42724801011740343,0.8684242127882913,2
0.4886042566373528,0.05606535851823202,0.02378322973404301,0.706940079317592,1
0.27373788739501576,0.007537871221581671,0.12622257703050255,0.6948529454829151,2
0.2289724161836298,0.24054763048466987,0.4024317166902416,0.4892139669838738,2
0.8329509811198668,0.6576921209819295,0.6604351109454905,0.24798188613151578,0
0.900116716344987,0.6739803415702925,0.8227871826932547,0.5836940847799659,1
0.9143775682770521,0.5861343106069878,0.40257511887875075,0.21886114226036874,0
0.000995407150011396,0.2829733697120935,0.5541925640425993,0.07408942019595122,2
0.04178230954612372,0.6594827711963049,0.1437140483385999,0.38529825841514437,2
0.24578625950562244,0.49203359908056243,0.5586007495531866,0.2024824280421622,2
0.6820537267403652,0.5961790826947955,0.5084567953624282,0.7437853654386242,0
0.518820924730889,0.30377485219050393,0.1540003664318168,0.8458581950675932,2
0.29233480928277317,0.23412832909130254,0.19988606823167188,0.29128333067670514,2
0.42412022296138724,0.8036033100894333,0.4575188046958121,0.898585665624754,2
0.35523836469878206,0.9223387808833572,0.916243853807448,0.10661561667374803,1
0.11937024473480384,0.4005645933309394,0.9828478442763013,0.6707967393690015,2
0.030543145718130216,0.07736543748070801,0.8837822573527352,0.3570238024403351,2
0.1437579815394474,0.19095142791167774,0.46127779688011206,0.49470013950285646,2
0.37493264908334284,0.7996410572682995,0.32411584064128074,0.49219055229456327,1
0.13916312722205582,0.88495825848438,0.4474560356314361,0.5979021687725965,2
0.4253422634019444,0.7468635030666071,0.5327997722633988,0.9725950080235319,1
0.3549835592682797,0.3324217490759114,0.15504218965471606,0.9870408623730558,1
0.9783836572316345,0.49832947195104493,0.7374533636766412,0.24703034180316913,0
0.6191260954669531,0.789479620001283,0.7479942630216221,0.8061374026849346,1
0.3272659968667568,0.07881837550428683,0.048584975966488475,0.46990213197001446,2
0.7326392944729285,0.3637053171245921,0.8135839133194538,0.4611593886385143,0
0.6403446442348129,0.9491282664166285,0.0014378388054776536,0.9796110295820362,1
0.2367568802144993,0.4564629969759675,0.30782031845419766,0.41917227681728836,2
0.5653810534148671,0.41401015014449083,0.5501735555749829,0.4676256091513707,1
0.8972544529537676,0.37322070322827905,0.6001898274879602,0.800749178611132,1
0.19518627461529386,0.03213552384241902,0.6384788638277124,0.9264536217088999,2
0.921829907965368,0.39420983612829996,0.5970908975050608,0.3693945446802683,2
0.22878654195525366,0.4289488600643083,0.013858111410600449,0.3579390409342947,2
0.43533411966612096,0.6796109020169003,0.5913831578441207,0.608712560946385,1
0.46650422288491217,0.35025061980041206,0.07315793057474207,0.3091385406141181,2
0.6068465553095392,0.2283883431485112,0.19633754329465214,0.20646308195629565,1
0.07213381728239532,0.7064901692176242,0.9373248102040823,0.9325382234471855,2
0.22605681609391542,0.6841312108180346,0.4956217820101505,0.4703551877210174,2
0.4976991643233289,0.518534525845552,0.7470192802276228,0.6697304537064561,2
0.3298966509351155,0.48151738459607873,0.9271597793775599,0.9925609344337605,2
0.5360050707968451,0.420108051624277,0.7046231871867734,0.04558116815281693,1
0.9698379330960458,0.22230470884355102,0.014937603732584792,0.8425727020925737,0
0.6599807950776717,0.6880341716895664,0.14417850240803798,0.03687975542141364,1
0.2966629098474877,0.6009054671086036,0.7968445121435743,0.9237525904356647,2
0.867756202470767,0.4336359090305464,0.6829011559628064,0.15557539666432246,2
0.4246696784920873,0.3190057616666706,0.5776809751089671,0.6160737044255495,1
0.8845544563930896,0.829948895048872,0.9626254034362303,0.1742961107834612,0
0.12054240789844312,0.7294396526288833,0.5117071406049813,0.8483963303230317,2
0.7912049119409026,0.6214536073468679,0.20660823762518143,0.3746417229602796,1
0.671741103649423,0.6734876006349275,0.8879326476923168,0.47710035978970516,0
0.818203927593971,0.5701211509613218,0.7587232888347271,0.4739354922626858,2
0.22367730429066174,0.4651058964874817,0.5956182266205972,0.765033250198407,2
0.2654316348380337,0.8898943277861469,0.16640474599606914,0.42820296294526844,2
0.6920651185234412,0.6980331956438677,0.9627463804187273,0.6042376322382026,0
0.490653740730251,0.5335146703357061,0.2563942855820447,0.5547680929223604,1
0.15892158836558773,0.8323360988000863,0.9131104457862511,0.7199439545004562,2
0.7690358086952054,0.03692968303597488,0.18354830260911603,0.6600510591931945,0
0.8649229076846763,0.49909262576712465,0.8463225034810913,0.03760597075353317,0
0.8823688684481541,0.12407223843305726,0.4172010728081248,0.8297807283756304,1
0.23109903214056754,0.628243410204538,0.8349999759411357,0.8062193767027914,2
0.9471321642138353,0.7018862812370921,0.1919438191223115,0.5655414153305509,0
0.32563770113267193,0.3685791555263045,0.29463353757834554,0.7458403805827531,2
0.04410685980997414,0.19812246567876102,0.21036847790254787,0.325505063455971,2
0.632695436283911,0.11785481076283255,0.11688927823710316,0.17594084551624312,1
0.24466549511236696,0.4365689459857176,0.7789368535981582,0.46219005383006023,2
0.215992725236345,0.02239847146010776,0.50687748359203,0.9057578961049166,2
0.469708140035266,0.025565084006320404,0.8725421909325717,0.40488790841685757,1
0.8334225686434511,0.35272342851222915,0.939028418735464,0.8578313285257939,0
0.2660134414442649,0.21571853339709812,0.8943893920478869,0.431562450583952,2
0.7152312402082373,0.47624134629564874,0.4961863904430923,0.379082920639968,2
0.977299977639281,0.027427841799597008,0.3149221072894832,0.11982250557007618,0
0.40611369055194485,0.9595696003111354,0.24168784578510238,0.502354105355046,1
0.9426049726251469,0.009407218881142487,0.395870743996692,0.6228628070117657,0
0.18445508683180883,0.8269499784673353,0.027129583264758006,0.7709006727815586,2
0.5663445084926351,0.7881370128465937,0.8344516613868542,0.7478094293055191,1
0.6700879086572475,0.47254252419702536,0.8511568851604912,0.5663247499767436,0
0.4925484362054304,0.3900954979150182,0.4734628901073634,0.2523385216386938,1
0.6510417938475885,0.16980587957641902,0.5720514931362839,0.2162194796902404,1
0.998491751192506,0.3563034277120982,0.9835140809988872,0.9026587992346109,0
0.9266706873155997,0.19544390569606973,0.12137028987614618,0.43427355606205836,0
0.9531065950746604,0.23695566499022203,0.42394160590103813,0.6818950856050487,2
0.9712583173169802,0.41543360264636964,0.6163137194313955,0.7092790155709288,0
0.6383111025455341,0.6136076155809473,0.7789456504820178,0.3978623894049173,1
0.1792196626086468,0.7566795234732882,0.12854440489302066,0.9319742443904249,2
0.7406228124134557,0.48753017733137693,0.7299981766759043,0.5080437762835077,0
0.4737530795690132,0.9965315513440067,0.4370660254704599,0.5784485727093565,1
0.5726946446305132,0.8965539767678978,0.36825617292440826,0.1664014634163255,1
0.9510738324314985,0.12166731802586517,0.34253894740360447,0.148024114808196,0
0.0005335441631103,0.2729863995800912,0.567423832033092,0.36005067565440946,2
0.048799575006123974,0.5954039152430981,0.7815888419752635,0.046462051847255215,2
0.207111500775724,0.6322618627206087,0.4593686381458757,0.441593425517871,2
0.7064291054463594,0.8549563899897354,0.2937838199660012,0.7112820225971679,0
0.5272683835067498,0.3383939087888106,0.6340643088648681,0.7270412904067498,1
0.9852826486111306,0.981057540518808,0.5785307026872839,0.8521470091328933,2
0.3761594044690801,0.21434640025179208,0.07971669107942425,0.17186424727817678,1
0.23007527456439564,0.797330443974664,0.11500564297040583,0.21246051596158722,2
0.7587698931728022,0.5218398619457154,0.41432819223747974,0.0617676799031317,0
0.8370837942430498,0.36462869100803474,0.27337432097813363,0.8600521128771648,2
0.2640276322785547,0.625501938314535,0.5456321437594434,0.37612019327730134,2
0.5676689290644152,0.9236296946183142,0.0569495749499882,0.9448841403490302,1
0.29290697311056496,0.5981359665648684,0.4165852465257476,0.33518880523337885,2
0.7631572701272828,0.6219197955411888,0.8877816483253271,0.5098211393442389,0
0.8911847061349216,0.6634234328663695,0.17975265296161735,0.05645283910950322,0
0.6476052102940499,0.634772085500152,0.6501139785763512,0.46947317293175167,1
0.6207967777032706,0.7111805626457681,0.18231950618485304,0.2929721810615569,1
0.6574112099700364,0.5131702485321574,0.6127620158132245,0.795723878028697,1
0.4694238775342055,0.807027304915622,0.5035084030334245,0.42558102545538085,1
0.68598194575927,0.239594737077659,0.4771714018574762,0.18305663575513514,1
0.283690289987454,0.7330631295850802,0.010759376947165222,0.7293641984033243,2
0.0699210513888261,0.04390039465584894,0.19220391617626786,0.7529373116294973,2
0.3345958156770022,0.5445121778826716,0.340640346499288,0.7474512860803189,2
0.13240467126264693,0.08594089025389562,0.5766058837803769,0.23833703436329645,2
0.9825762863922869,0.35793781826418236,0.15620486970224534,0.6916470074091494,0
0.23049007256846338,0.5576048412639516,0.1544466001489695,0.9710021544264076,2
0.5781642022186755,0.590397708374734,0.24237972683710574,0.08426978272971619,1
0.13064861781405634,0.7075395229181651,0.29464619960932437,0.3600019282601758,2
0.2371645307457501,0.46704433283327607,0.5324537087702985,0.6882806482751729,2
0.47456584284232944,0.341984976984383,0.11023262294409597,0.17298914613073407,1
0.7285541773033102,0.029946237906534945,0.8003188307999496,0.4938627887409209,0
0.7093188066880027,0.3568338988533477,0.03677939718262979,0.5223166776929711,0
0.12100492624579101,0.21151726226801704,0.5913758354418674,0.12841990436368006,2
0.4821556319585079,0.36732216535847684,0.7308134096129466,0.6505079705493506,2
0.5798260823527359,0.34694252385386815,0.05268669964084882,0.678084329439556,1
0.507160902890381,0.09925607941840031,0.2523583040921613,0.5826744363783747,2
0.42790474953320307,0.6156747680990098,0.9195931286164925,0.915526424211927,1
0.4223685073245195,0.17276316435191652,0.2817171465628159,0.6565532890898538,1
0.6949243906441407,0.5598426664996292,0.9990031112136721,0.6990430029959716,2
0.858800971905245,0.3880212579608393,0.5580210103062793,0.30452506517628214,0
0.2727734932425308,0.22058335092288717,0.11252331261247428,0.6198947358202709,2
0.6235931001346902,0.9117281856049957,0.8629754584145597,0.346792736862173,1
0.9602143938792662,0.8354343263775659,0.7474056874683246,0.04793088344531832,1
0.9668363213922224,0.908816395623173,0.5580756798551767,0.8389641909049577,1
0.10024706177523385,0.0782373936197367,0.8594559924754841,0.7747649446746188,2
0.020346592690618448,0.49389037241764444,0.03457979111475429,0.7938077370705683,2
0.017180813423048502,0.5792109698364409,0.9442300421711942,0.40841661017549075,2
0.05639072018494912,0.027892040809330165,0.3155916843167723,0.5192809731352999,2
0.4862644358665061,0.4557155870200218,0.7899591333285838,0.24498309722472744,1
0.7595012822235183,0.26019692798382543,0.909406884575001,0.946101411034417,0
0.1855939386093836,0.26970491748010206,0.9549872900126766,0.8293074691884552,2
0.47270951975942016,0.8160100950880398,0.6512879562910496,0.08024404169954225,1
0.4147930508180912,0.10714421581068412,0.3435111035058609,0.9036431778488774,1
0.9391820627393583,0.4390233700042838,0.39799797639581413,0.7781155284354822,0
0.1332627959649081,0.8179631968964711,0.5569833028831044,0.4188445545131528,2
0.722023571723529,0.6137278136816444,0.8011724904960698,0.5420835092055494,0
0.07879890385566035,0.30092122262981924,0.2859826071753422,0.04815105055181046,2
0.9091976716635857,0.2362381586600526,0.17136716637904525,0.7136900977135316,1
0.006897490841539511,0.9011244262560381,0.06473879358891099,0.9223278302738831,2
0.9047059199924181,0.3193683415277364,0.37438043293771917,0.12090881950834453,0
0.7559845321604013,0.6440699118191004,0.7248642138315926,0.13169163305513365,2
0.9684274941279534,0.4302392070579224,0.3046251752841609,0.4023921403035688,1
0.6725859462583323,0.9209618088513605,0.12865259442772947,0.24582312516680038,1
0.10159819361453215,0.41000897649078527,0.7772292048446214,0.1791187819857596,2
0.620410785204029,0.8621453935649066,0.9851590577633642,0.04342574626943996,1
0.6648929921485056,0.05525987772878005,0.7025973027502239,0.18260442319018277,1
0.9151474905113763,0.5857821585746479,0.3559923355998995,0.0741562439625918,1
0.319939137363396,0.27474126676087907,0.11074042305959897,0.19578958571288757,2
0.07467831422980525,0.3853364792419589,0.09914980891538083,0.8308868864522934,2
0.44074720591816535,0.8965555445472317,0.9705596124802893,0.8830218865436146,1
0.04188632152153421,0.774721430161988,0.05672991498301605,0.677041140577336,2
0.7059550252026223,0.8665303317704736,0.5274848304611268,0.5859145424698411,0
0.6534724462389712,0.501830068704858,0.20690591399993274,0.8269121266544164,1
0.5154319950742503,0.7347750506091113,0.6796026046716581,0.0,2
0.9768954663720708,0.7173312775107299,0.20347917233666313,0.11544593457249547,0
0.9566879439613762,0.02244322571274382,0.11846339861452115,0.2491716408088827,0
0.1681912711514581,0.9935516025897242,0.8126602041548621,0.6003277276249481,2
0.7236743629371454,0.2670455999811272,0.056068291225632505,0.31085188158065064,1
0.3106812269577562,9.06053338984858e-05,0.38211021676143786,0.2854323110223644,2
0.625423392914985,0.915367624581082,0.9628973445373457,0.08953492702548377,2
0.038617722074879346,0.6431801064008857,0.10933006604262285,0.273476472717793,2
0.16769865652539145,0.1793807271286023,0.7689063525246094,0.2951261429242637,2
0.9056378696314826,0.6326341578630703,0.7832036187445821,0.5286540809159812,0
0.2993615604417374,0.26177668545154775,0.37899758497060865,0.6486524145473493,2
0.15564415389816627,0.24709754442194454,0.41880464099384684,0.6326797654395027,2
0.908765805667844,0.27200416981981435,0.5884455540932969,0.7522421016710397,2
0.21154022963972402,0.04766643177238361,0.5251101384370418,0.9431002164521403,2
0.04790297184838027,0.22657123855293082,0.590133211043746,0.46303034875335,2
0.2851050570276859,0.729288311460935,0.8597903984551425,0.1626937035673539,2
0.49216429335677575,0.3090857144048218,0.1752109604357146,0.5223664873488318,1
0.8872170598971991,0.49005548911023644,0.7387331793208083,0.13278293902423943,0
0.11730363671497257,0.023042547227875687,0.20772616319602077,0.9783298222877386,2
0.07919323798701078,0.819519009343203,0.9506782574918886,0.8351634816746922,2
0.6323147513841747,0.5894943481213211,0.45235062985711516,0.6841783757669075,1
0.7165622400164173,0.013459657591379237,0.41518769637099306,0.07474670520325727,2
0.5631006883443896,0.4350444927146675,0.7113226863415032,0.3119555550906467,1
0.8771071363857728,0.07958162469825525,0.26595811003629666,0.22373142736329676,0
0.05024426346708183,0.6102362330478164,0.8610252534846152,0.055562892649089424,2
0.5497425039184998,0.21801985758476006,0.9833910816637212,0.15470461708450445,2
0.8052214027948552,0.8993199407852932,0.03645277094553068,0.058211170481685726,0
0.2582193167098365,0.28337988911951695,0.13007878877877266,0.8059499683510232,2
0.0539521093144017,0.47059111391579167,0.7328180369981396,0.7955166935367672,2
0.9503927393821672,0.39176845157007256,0.14699483234807809,0.106685630662536,1
0.21815217061481967,0.21231843401916128,0.010011962949399766,0.0585014150099355,2
0.5654266974331654,0.5332364830568863,0.005524748842725913,0.743394323597778,1
0.6425072503627138,0.09607893795950617,0.14782355415128157,0.12334493928616835,1
0.7567368384909772,0.9870542154942135,0.306669846422833,0.9657107954988924,0
0.37346367432076416,0.3579379060284511,0.6442308930025182,0.1029791253416033,1
0.6633431249448325,0.6462217295038568,0.1999212544704041,0.7442213006548362,1
0.6979230821991551,0.18715314333714606,0.517707660877402,0.6468862348378066,0
0.55414090736184,0.44904487978358665,0.8549587443579685,0.9907405865561791,2
0.08248689312143948,0.21856056884754627,0.5507749913750211,0.7697221570581554,2
0.8427299995574613,0.09769626257415309,0.05465589086182776,0.9465022417703775,0
0.5576122539654316,0.6232299796779717,0.8061344740954257,0.3205074630662728,1
0.11129834258309257,0.16795765648505423,0.8858682308869024,0.38198065709828827,2
0.4232385800338648,0.0,0.800062537669211,0.3620743325215469,1
0.7708655374543563,0.38533292972906397,0.9701186092726859,0.11569806482748196,0
0.002521508014177831,0.14143965482234266,0.44226703148413815,0.7427481020951945,2
0.8358012089989983,0.2182770176783606,0.9986088185351338,0.6594619660290091,2
0.4708742353137145,0.7399535979041996,0.5109388016478822,1.0,1
0.9039443450067575,0.24302762936715805,0.0727778296772228,0.009004215123100456,0
0.4499915913254053,0.7861861965838857,0.508376511467874,0.15361625834382897,1
0.993214347866894,0.9282823076947031,0.20215592231811974,0.9576641129868477,2
0.5143550318652743,0.34547172392381476,0.6839307222590065,0.5290970006073032,1
0.5745796495152768,0.86979585109795,0.3190524205642271,0.7964904377472031,1
0.9602922009412231,0.5034295961785091,0.5273174097581168,0.3056278535168984,0
0.10504065987075789,0.9451458219977458,0.4877265767939729,0.5982599287811765,2
0.7264138807049358,0.4625822533538768,0.9416576213443446,0.24022685955800593,0
0.17444775523481176,0.7149231126780957,0.5674046202517833,0.9523379889083878,2
0.8331032499738085,0.6076934902094984,0.4872909575115698,0.3589717022659121,2
0.878151162765713,0.9298251471535386,0.8045926505390191,0.6625351346915405,0
0.541932438111463,0.8596523782836349,0.00032005289003000925,0.30121724683129497,1
0.21761358365988198,0.20822510840698039,0.11761293328613687,0.8396118442746623,2
0.19733648322183223,0.9670280237931352,0.7159271062791221,0.9439815608856181,2
0.480432849462405,0.18304807050040361,0.09144609042649798,0.42174635907368213,1
0.2725170168239331,0.6246690071616647,0.22363703773601173,0.4539965509265063,2
0.7544270837559051,0.46615047500508755,0.6473914482447083,0.35633867881516496,2
0.20793198489005132,0.5708623650940672,0.5271585991711549,0.7941652477317664,2
0.3020015672782029,0.8344086153758392,0.10506118184699331,0.3082641671803132,2
0.6535468227895211,0.3148420534613119,0.23702932013673816,0.8613882408545812,1
0.8665184004184572,0.19368029000000453,0.8785379406722496,0.5834257886547003,0
0.03412834896706812,0.3805814093749804,0.49467285429581676,0.46888429593480924,2
0.2582104353296973,0.869083135540915,0.8985125986439599,0.17234103512647736,2
0.7157356536244288,0.022146149227758594,0.38208538342911136,0.1639069071897315,0
0.20696311065771128,0.3186710785415485,0.6871189479785209,0.9828536863989186,2
0.36899411547293687,0.753083987218748,0.3149080974912628,0.3701540622930359,1
0.439210594136281,0.09318530997433849,0.15812443918250696,0.6596009175878874,1
0.30004291872506134,0.29349552389365563,0.6570587256441971,0.14068626416592678,2
0.07439220291764842,0.5990473716720757,0.5009295035433985,0.5115048127071573,2
0.6073748982577263,0.060055881372900854,0.3853440789480562,0.04449617927241545,1
0.918502083170146,0.9651689797172665,0.7482634036153053,0.9918824075354118,2
0.6485427345828525,0.8043526860323083,0.7405761902892167,0.5773758194432406,1
0.5262036463684905,0.003943154319158593,0.9359118641273647,0.002366636755601448,1
0.4845848873658874,0.9086905160712553,0.24317615981700968,0.8191333331068373,1
0.2506313619531462,0.8159353077768798,0.040048293717943606,0.5005976838511641,2
0.2319241553884464,0.01695709753390462,0.8654370012141248,0.8537616189489472,2
0.10149729262078144,0.7118588575614477,0.5215060457157483,0.6024866052461755,2
0.9751542055236189,0.14414325426793173,0.12284646477086825,0.5569308001092785,0
0.015566229201521453,0.8812966470422443,0.3006807912001088,0.7341058127077036,2
0.8385124178555856,0.967766423784244,0.16625071937004998,0.1704750032454045,2
0.7214206298684127,0.8459687680577932,0.39061384006417366,0.5062689764247781,0
0.5728255468880019,0.47119181713875036,0.4706488855682187,0.41701141036190786,1
0.933693728989339,0.6706886886231669,0.40339004382297006,0.8764504414609442,0
0.6975018671254098,0.4541116974551158,0.606129981333388,0.12063355420433897,2
0.6763592910625476,0.9144051061371401,0.18271805645271022,0.9056671143312958,0
0.5029789105521894,0.88539913273246,0.7805508631313209,0.8377882641558734,1
0.7425732575602872,0.1776109838791433,0.3424994385164726,0.03590273429534668,0
0.011240488358285172,0.17500212456485142,0.2854612124833764,0.3027368958542896,2
0.4125923329974535,0.9600138689526079,0.18271342109950783,0.1512451479023526,1
0.03724809312725691,0.7364976846349938,0.4808705950099059,0.7533653378425602,2
0.26421585642331274,0.6429607233591474,0.33658065103698753,0.04678941609574988,2
0.497566344707462,0.2711275825176971,0.5711769369127464,0.5290594761884242,1
0.8699322866081658,0.12420000031973588,0.3535650595178177,0.4506938247154982,0
0.6762001662956674,0.956502166101503,0.5432314410704586,0.6231125763545442,0
0.5002814939357103,0.782568679509932,0.9922309538103509,0.662289585574763,1
0.415415797458257,0.7229075579851643,0.9103541996258167,0.30286972009302554,1
0.6324897049556719,0.4893923361003061,0.4613924780500902,0.5936172682184893,1
0.8305444046267267,0.19275559724088454,0.020084636225480512,0.8198162725986604,1
0.02488753975654201,0.849565749339394,0.1634567784419132,0.1561039460612096,2
0.15172810054326796,0.1587371922750631,0.7061875293864195,0.6452269419692278,2
0.7497969986306747,0.4997131523699221,0.7293757554049565,0.6408012056142645,0
0.04616841690671036,0.06114473939251708,0.8685890240487191,0.2234284485489792,2
0.6777797910750718,0.5080639740161976,0.512700093304582,0.8723374272750262,2
0.8063853601493167,0.24100809460416728,0.27029038315910237,0.6589798761130796,0
0.17509858074396384,0.26445184915245346,0.9376620164921246,0.09810584624385166,2
0.6976439268025194,0.23686342727238863,0.8341038240703833,0.7058843949544753,0
0.7239846337204612,0.902241644739002,0.7099993967546765,0.9392495040252689,0
0.42081765835002377,0.6414235522532323,0.7817710905833946,0.42188926205118976,1
0.07133337262591499,0.8417711092215765,0.8922756633494373,0.06638338919046827,2
0.504195331040276,0.3387151882461845,0.6263094509925802,0.5659410158817173,1
0.33875518787800124,0.6197790101265144,0.11081769958982757,0.1248779301695907,1
0.1620620634126526,0.544202225957821,0.2147897075395433,0.08478766177651637,2
0.5771308759557177,0.927520722325992,0.40188080563564954,0.33177129617512796,2
0.6662842992468472,0.35749112306642505,0.23614364863180404,0.5297447706501144,1
0.24523203900529594,0.5709553440867328,0.9942275721580689,0.5295643452685805,2
0.4218362973717144,0.3148287391678086,0.2175679671150481,0.44118552049401144,1
0.646478136442104,0.8402705095195568,0.4976339311263631,0.025311555814151454,1
0.48797610031919586,0.3539632026265087,0.9035943635015316,0.8298218161423003,1
0.7393355457132917,0.4084009353008027,0.3648016825546043,0.9203952353219502,0
0.11931785568307601,0.4657840241018527,0.2379562519411591,0.5266460360787626,2
0.0609863264584522,0.1107424485600379,0.359701892131425,0.6530094918596072,2
0.24806279324013752,0.0001796968841121238,0.45186461836008096,0.0011159530946694973,2
0.9553058576848157,0.016584429251869537,0.596491828446551,0.5042654066372847,1
0.17329262963022224,0.7742899087820316,0.04684796991329043,0.14196902704367514,2
0.18896710364577102,0.8690372826367996,0.6344243004672929,0.4281811368460651,2
0.11769909982744142,0.1444755296175142,0.9129284943606986,0.5767246838219422,2
0.17891589354675003,0.6975987055643531,0.1784328206763668,0.2899855136843526,2
0.07468130492792935,0.44866196575339123,0.9495218821463824,0.19453512630611947,2
0.9346088985445953,0.25256195840918205,0.5332622116658139,0.9717184145174136,0
0.40060611206014024,0.9679538628309989,0.7950354715530912,0.2398456010642716,1
0.3373608534487877,0.48891940145167756,0.015900198870299143,0.9016372674814208,1
0.1920122758632648,0.7036070827983283,0.760185322369062,0.6505617097307868,2
0.789514763547631,0.6742410779197725,0.044481915927898186,0.07829982305494393,0
0.18310196549126817,0.6041293153849028,0.40494217747270667,0.5677018259616011,2
0.0984168399778908,0.3924799120506044,0.020657758939348403,0.17571675498888095,2
0.7850369215744928,0.35182725219187994,0.534929619217398,0.66374045646894,2
0.10173357903724656,0.9723321407905507,0.16025025262570836,0.36441370253218536,2
0.4370186886555765,0.07028091370775069,0.4751766689553376,0.31137232815097077,1
0.07259680349915304,0.05550250569976223,0.8293242257277633,0.537584459038988,2
0.599413757977227,0.823660828101856,0.45581054407289945,0.18141521267587662,1
0.5725853214525864,0.6521306018944129,1.0,0.5235761477866392,1
0.6737450649875398,0.01372722624362277,0.699499847928096,0.7969623355547455,0
0.8945184739366352,0.8395022950425937,0.5429454759858765,0.8382911959561665,0
0.7136882160224407,0.010399228043269204,0.07800461082395338,0.9704537588528637,2
0.3471515564687793,0.13881883940475137,0.668537496554213,0.6753110380572216,1
0.4762896264510104,0.7681563725735219,0.6591266520175871,0.7304170067884084,1
0.4913675427944811,0.5151250003463514,0.02489515745024784,0.7700085690751652,1
0.6412846713720881,0.30914016411641443,0.9689930476795348,0.9258241767714099,1
0.8849219057055109,0.8793900891759965,0.6580919511881125,0.8349084941989102,1
0.824788713810251,0.3024208877233716,0.07292881666463469,0.8508854083286324,0
0.5573002921652348,0.2581210551163149,0.563937416687613,0.39624897026620515,1
0.7731101556144471,0.5247771580400455,0.6407383635123176,0.20775835214126653,0
0.4443302274618303,0.7013613634338272,0.7488398389463433,0.5572295149036817,2
0.9250184474509269,0.11830756498489547,0.4060515412481118,0.26657846049531403,0
0.36858159532436446,0.5508177303704691,0.999771027833285,0.18943276354397948,1
0.030318918127696215,0.7031503827221892,0.3435827438202532,0.27066712881157967,2
0.2193845532748196,0.24236939033622207,0.9896720720463001,0.31048138874902603,2
0.44314466908153766,0.7570346656974751,0.7504815943977392,0.5987810281783095,1
0.7992130498518888,0.7177035709459412,0.9274573099522998,0.7914537900521597,0
0.9908788060499554,0.4429822489136688,0.5931466387804545,0.24257418852083756,0
0.47583821780412766,0.8635708978168217,0.6265217771795124,0.979248178619486,1
0.08238634365524511,0.5524598591376455,0.7996029534910938,0.20432624936313387,2
0.842710853225981,0.20630256736407815,0.9260813302120945,0.44258392648750683,1
0.2336785704129138,0.849499609274041,0.6846896689317186,0.6020217954654967,2
0.21441618919679323,0.7772037765207147,0.8222714966894609,0.5814788840828387,2
0.321723868279502,0.17500681981418764,0.19678618235730116,0.6229305075230247,2
0.8523698161800846,0.10257877823493855,0.7914490558360754,0.6525443975135239,0
0.1783277884329006,0.7596711569876262,0.5522371343360275,0.6941748400191079,2
0.23483170327153774,0.6362329396072253,0.22306431544297944,0.6236674299820302,2
0.02615537672262458,0.3288533121962094,0.8183817880415081,0.22523877091687822,2
0.6881990190481773,0.42352873785387946,0.9426392483910435,0.45097096165145073,0
0.1369135746163772,0.8713100557744011,0.9473939896692163,0.29135827506496376,2
0.2269740482808718,0.7947443608293254,0.12858329347792452,0.8603003931009277,2
0.41153449925482827,0.1094882693907111,0.6220280600115915,0.21005138255423317,1
0.8890278924529114,0.8216404357746565,0.6567084725050736,0.8566279880560448,0
0.6102216275082524,0.4901948299878074,0.8205585235034385,0.8981954199447049,1
0.883026976212463,0.05620805828240405,0.8653540282839516,0.6909953757087135,0
0.12367593325014753,0.7856276878766277,0.01533610335624358,0.54154791478503,2
0.3401085303153722,0.059811772869179824,0.8980068482791026,0.952760001374287,1
0.2284558490010969,0.35378701172205385,0.034298608528780195,0.032444267456679776,2
0.5127500410587627,0.516442221602537,0.850967611004454,0.6633002662486593,1
0.14810588973443017,0.960610151362917,0.7111536484163663,0.06689057343421378,2
0.3609271980586543,0.3192708740824022,0.4674718390536792,0.9024590809608584,1
0.8312875307837868,0.22693101281022998,0.38741599743755106,0.7656119534676653,1
0.19697014710257849,0.969195091871234,0.12532756912762277,0.7643593689181922,2
0.9430561872674046,0.482634088881277,0.5977230821472668,0.9812458813428215,1
0.8125559965335192,0.5164143675731314,0.9008284057624647,0.18996849132515597,0
0.048092249835154754,0.9710286485475332,0.579522304542665,0.8685005546376572,2
0.2063093755910153,0.7538491682997088,0.9067947173555266,0.27839407690781265,2
0.41784376866900547,0.3609876378770891,0.3721253983317949,0.7096395614271662,2
0.596421724572096,0.8378460769607174,0.7429392962462313,0.4345261029236211,1
0.294697304277811,0.6836274052419828,0.09644127497878019,0.5234072276336879,2
0.9275194977379884,0.9434779867114236,0.032671941682303585,0.6947993211083878,0
0.30795740903479124,0.8335364094656825,0.7116981250533683,0.7440467881405322,2
0.6960537093867638,0.3953772906958011,0.27861755273457245,0.8689470148356082,0
0.9704359990701497,0.5105370600403509,0.3106325913622052,0.9103944128101509,0
0.5826152001535219,0.7637639348344265,0.6843079813841766,0.2603887864043248,1
0.45480378650818126,0.3332254818644176,0.12918418134884924,0.1755063004433728,1
0.23223968578530224,0.11680270956735539,0.27983406716096537,0.3609584939605925,2
0.3343494356066667,0.43868549227292775,0.8277641068836368,0.8047321880193188,1
0.04552058836587314,0.2805946635642145,0.28561127040211476,0.7078527125814484,2
0.0028054333350369665,0.5413903054663629,0.7536686667601544,0.07674372295946535,2
0.7332595444265797,0.2913835299723484,0.7848778883005689,0.3009902585081918,0
0.6850344690403085,0.4770187549953018,0.5495541092174274,0.9077938566878798,0
0.20164706476781863,0.9684472502487498,0.18155376357642927,0.7914500778523204,2
0.9450834212273707,0.5860827759052885,0.2273951030832766,0.3861500265605133,0
0.6575023851152038,0.8516591250638819,0.4869095274191704,0.1725579899410769,1
0.2778111663640111,0.6103310795621766,0.3995395768070138,0.7863346500876638,2
0.051755003131602306,0.3468364357067484,0.23278058266890067,0.9022273686101481,2
0.3554416940144815,0.10927874798454762,0.9579453966081215,0.05076240962726902,1
0.11975076059435685,0.3523583197616733,0.21049889049628856,0.3818047357421313,2
0.541319395478369,0.7362052776678991,0.6659042716207546,0.522707236497548,1
0.7255575645840588,0.7757498935146498,0.941723060288481,0.026981168090845997,0
0.6995457288897418,0.5540436062765444,0.7587730642975075,0.6321165112253413,0
0.9746292373577197,0.8784906831596462,0.014092514887142471,0.6252817525776071,0
0.7860446321145911,0.29471643247193335,0.21132742948076144,0.2880516064327178,0
0.772793656026729,0.37988864980861115,0.7298886077226285,0.08372093276642556,0
0.060078361147431814,0.40475801427550784,0.5624952211408405,0.46325032200083976,2
0.15131246117039487,0.32198078729025204,0.24863049691804107,0.6368171324469192,2
0.3701206175105966,0.26879300190316835,0.24660116745333305,0.1620199756427762,1
0.6111040244824324,0.6283624494800983,0.4364773930063155,0.28004475042427573,1
0.6509993753095575,0.9489974461063235,0.047471133375387664,0.1318145196763379,1
0.05967210442097931,0.32442150649238544,0.2255543606408439,0.8243970282463899,2
0.7096636647182593,0.8156472697507169,0.053004842753203496,0.29297158132907625,0
0.6556670959543063,0.8010157417881711,0.48895733768192495,0.5629359551442827,1
0.18304807622280955,0.3424935985244941,0.7085606187381717,0.7108562526735593,2
0.4499466830370619,0.30680454908540233,0.02220810333829637,0.11639531724781654,1
0.6992079071603221,0.4185119579904353,0.04536886938721452,0.3657677882718893,0
0.4803087904266134,0.6441472214058812,0.2497197168499523,0.1296056036330182,1
